country ,public         ,uncons ,fmcn50_ceo,roce  ,sic2      ,sales,tanfixassts,materials,age   ,hours,employment  
fr,0,1,0,23,37,17667,578,12493,73,35,204
fr,0,1,0,25,32,125719,12625,13318,36,35.08,1193
fr,1,0,0,0,35,157768,9930,49978,30,36.75,1083
fr,0,1,0,20,33,53634,9291,21925,31,36.44,451
fr,0,1,0,10,28,81993,81040,33984,32,35,598
fr,0,1,1,13,22,38243,5416,34597,144,35,187
fr,0,1,0,5,22,27505,1827,17267,86,35,244
fr,0,1,0,-25,35,307853,13629,200933,47,36.08,1451
fr,0,1,0,19,37,96997,7785,72401,27,35,430
fr,0,1,0,33,25,18934,1288,1254,27,35,190
fr,0,1,0,17,28,40861,2857,27567,26,35.39,193
fr,0,1,1,-6,22,33337,1985,8090,27,.,611
fr,0,1,0,29,20,94858,15738,51641,26,.,775
fr,0,1,0,23,23,19686,2404,10364,27,35,195
fr,1,0,0,24,26,40201,12259,8964,25,35,306
fr,0,1,0,15,38,864857,29200,492291,25,.,1640
fr,0,1,0,22,30,39645,1865,24095,24,35.99,587
fr,0,1,0,8,33,66354,5301,50029,25,35,167
fr,0,1,0,9,36,23363,1169,11724,25,37.09,235
fr,0,1,0,32,34,30187,3548,13004,24,.,193
fr,0,1,1,33,35,16895,.,4854,24,.,208
fr,0,1,0,2,35,238871,11843,6922,22,35.19,893
fr,0,1,0,45,34,19541,626,6972,37,38,152
fr,1,0,0,17,33,15240,3588,1866,20,36.02,138
fr,1,0,0,8,34,47412,10688,24286,20,35,531
fr,0,1,0,47,35,24067,695,1445,19,38.18,158
fr,0,1,0,2,33,288148,28664,178648,20,.,562
fr,1,0,0,31,35,256914,15063,120643,19,.,568
fr,0,0,0,9,36,76389,6357,24937,19,35,310
fr,0,1,1,12,20,20734,5030,8750,74,35.7,124
fr,0,1,0,17,35,27089,.,17576,18,35,136
fr,0,0,0,15,35,119164,26968,51214,18,.,380
fr,0,1,0,17,20,12335,1806,7363,18,.,97
fr,1,0,0,18,36,65048,15699,27108,18,.,1337
fr,0,1,0,4,35,27566,2716,18813,16,35,122
fr,0,1,0,10,20,219826,17882,83554,16,35.61,623
fr,0,1,0,23,36,52549,1398,27889,15,35.89,437
fr,0,1,0,0,24,11416,1333,5403,15,.,162
fr,0,1,0,7,35,36899,4262,16976,15,.,210
fr,0,1,0,1,35,44743,4219,13227,16,35,294
fr,0,1,0,25,20,65589,9035,12796,14,35,542
fr,0,1,0,26,28,137349,7822,96471,15,38,676
fr,0,1,1,18,33,21139,3889,5594,86,35,215
fr,0,1,1,9,20,15049,526,7514,39,40.24,182
fr,0,1,1,34,36,26078,1452,14700,38,35,133
fr,0,1,0,32,36,31848,1239,20481,14,37.5,387
fr,0,1,0,6,22,17562,1564,7037,13,35,210
fr,0,1,0,8,23,14398,1548,5933,13,35,240
fr,1,0,0,22,35,33333,1779,22712,13,35,259
fr,0,1,0,-22,38,25612,.,3821,13,35,197
fr,0,1,0,50,30,15621,807,10299,12,35,129
fr,0,1,0,42,34,13825,327,3776,12,35,106
fr,1,0,0,12,33,173248,35731,86772,12,.,1906
fr,0,1,0,7,38,70769,.,37128,12,35,273
fr,0,1,0,12,30,76098,12632,32427,11,35,450
fr,0,1,0,20,37,109076,27680,85290,11,35,1030
fr,0,1,0,36,28,46649,21360,3354,11,35,220
fr,0,1,0,24,36,44015,2555,34832,11,.,189
fr,0,1,0,15,28,249399,21175,49907,11,35,279
fr,0,1,0,41,37,8020,.,106,11,.,154
fr,0,1,0,13,20,66951,3253,38725,10,30,199
fr,0,1,0,24,34,80391,10191,17742,10,35,732
fr,0,1,0,11,28,122515,17145,49126,11,36,821
fr,0,1,0,32,20,106020,10249,63155,9,35,227
fr,0,1,1,14,25,17366,1514,6473,36,35,152
fr,0,1,0,-18,28,76717,40331,7264,7,37.1,233
fr,0,1,0,9,28,52679,.,30,6,35,210
fr,0,1,0,12,30,18674,438,8379,4,35,201
fr,0,1,0,18,30,24470,654,12895,4,35,141
fr,0,1,1,13,32,12014,1034,2103,47,36.39,236
fr,0,1,0,15,20,113013,11475,63942,64,38.99,698
fr,0,1,1,18,34,24271,1385,9309,47,35.16,325
fr,1,0,0,-1,34,132049,36437,41021,109,35,1808
fr,0,1,0,32,34,25946,1581,7254,86,35,201
fr,1,0,0,10,37,8819481,1179082,6721894,76,.,70463
fr,1,0,0,20,36,168978,18863,72677,105,.,2714
fr,0,1,0,10,20,80021,8341,47265,51,37.8,167
fr,0,1,0,33,26,54656,4788,23900,82,33.75,202
fr,1,0,0,18,32,250524,24569,184855,59,.,2460
fr,0,1,1,12,25,116316,16352,51832,44,35.35,1211
fr,1,0,1,16,39,1546249,450870,240042,51,35,8554
fr,0,1,0,26,28,649349,39009,136779,58,.,1702
fr,0,1,0,9,20,38564,9183,17134,77,.,184
fr,0,1,0,20,28,62947,18789,30435,48,35,122
fr,1,0,0,21,33,2408492,326930,731008,106,.,12420
fr,0,1,0,36,20,188755,46093,50417,50,35,197
fr,1,0,0,35,36,325699,33624,129687,54,.,1009
fr,0,1,0,30,35,139045,6882,26764,47,.,609
fr,0,1,0,31,28,361464,41514,186776,47,36.2,934
fr,0,1,1,20,36,15062,3370,3468,54,38,100
fr,0,1,0,2,22,35779,1800,12244,48,35,331
fr,0,1,1,10,37,17999,2384,5216,69,37.9,201
fr,0,1,0,-7,37,13218,3247,7886,78,.,122
fr,0,1,0,-18,28,178813,15913,76727,47,.,659
fr,0,1,0,6,28,205089,13905,78888,94,.,1267
fr,0,1,0,3,34,65590,11309,27243,79,35,587
fr,1,0,0,14,26,227451,90767,137510,55,35,1994
fr,0,1,0,12,20,38216,5807,19562,43,35,196
fr,0,1,0,22,34,34589,4851,18097,67,35,127
fr,0,1,0,-25,28,27375,22135,8369,38,35,219
fr,0,1,0,-1,30,29087,12754,12420,42,35,202
fr,0,1,0,-15,33,247651,27946,110744,46,35.11,718
fr,1,0,1,36,34,107424,14040,29661,42,35,859
fr,0,1,0,39,24,58816,4201,37076,34,37.8,285
fr,0,1,0,0,37,160486,5518,59537,89,39.17,553
fr,0,1,0,10,28,95466,15169,47750,12,35,353
fr,0,1,1,10,35,33132,1596,13486,34,38.4,332
fr,0,1,0,44,32,28571,10691,2842,34,35,243
fr,0,1,1,18,34,18918,2701,8211,73,35,183
fr,0,1,0,5,20,127397,12555,76327,38,.,669
fr,0,1,1,24,35,147325,18389,53573,31,38.6,399
fr,0,1,0,0,33,544704,204122,268210,31,39.2,3292
fr,1,0,0,24,20,109003,8573,53606,32,35.53,1070
fr,1,0,1,15,27,242330,37922,180584,94,35,1265
fr,0,1,0,-15,36,138024,16774,39924,43,.,711
fr,0,1,0,40,36,19177,644,7829,48,35.65,174
fr,0,0,1,16,35,567345,53055,329359,86,35,5093
fr,0,1,1,-17,29,44546,5183,29676,63,.,133
fr,0,1,1,-9,36,25263,4125,12435,45,.,143
fr,1,0,0,19,36,138019,21421,75028,56,.,1349
fr,0,1,1,25,20,47574,2538,304336,40,35,183
fr,0,1,0,42,25,126975,6270,61741,38,.,1593
fr,0,1,0,26,36,11434,1082,6340,50,35,121
fr,0,1,0,27,35,89193,.,71581,16,35,117
fr,1,0,0,4,33,103579,10393,48660,74,35,517
fr,0,0,1,30,35,159320,22832,83472,80,35,1271
fr,0,1,0,22,33,2023644,81103,865138,37,.,3231
ger,0,1,0,50,28,41813,5118,.,49,38.72,115
ger,0,1,0,9,36,43981,2196,.,106,.,448
ger,0,0,0,-3,28,73392,54026,11682,23,39,227
ger,1,0,0,12,39,18866,6025,8570,28,40.25,217
ger,0,1,0,-7,37,1033709,103159,587218,24,43,1933
ger,0,1,0,7,26,113465,32118,59640,28,36,1018
ger,0,0,0,7,38,396342,118310,91248,138,35.5,4692
ger,1,0,0,19,20,39744,19479,7569,210,37,237
ger,0,1,0,9,33,1070758,94358,905225,77,35,2567
ger,0,1,0,-25,35,39582,4365,.,28,.,332
ger,0,1,0,41,38,129038,10464,62492,29,39.6,428
ger,1,0,0,9,35,1336693,457564,591794,51,35.3,9160
ger,1,0,0,2,32,213859,302507,.,7,38.64,1131
ger,0,1,0,28,28,162884,5843,61971,102,39.25,490
ger,0,1,0,5,28,76361,4762,22750,53,37.5,556
ger,0,1,0,10,32,125885,26155,31658,119,42.4,1602
ger,1,0,1,0,32,32868,20403,7302,107,.,191
ger,1,0,0,24,32,114511,8771,40150,106,40,1043
ger,0,1,0,10,35,302691,27495,165170,7,35,985
ger,1,0,1,3,20,164268,48239,65214,248,40.3,778
ger,0,0,0,10,37,1262153,54871,1041486,107,30.3,7360
ger,1,0,0,20,35,141563,8361,52212,86,35.25,1228
ger,0,0,0,24,34,88164,7906,47879,96,40.75,834
ger,0,1,1,22,28,37778,1111,21089,47,40,133
ger,0,1,0,16,26,112219,5842,55769,7,40.55,244
ger,0,1,0,28,30,38881,9677,.,34,38.52,219
ger,0,1,0,3,37,107607,15153,65536,14,40,362
ger,0,1,0,3,33,373731,251945,262466,14,45,736
ger,1,0,0,-19,35,338616,16011,.,13,41,691
ger,0,1,0,20,36,150239,42694,.,6,36.5,828
ger,1,0,0,9,38,1672948,122135,893981,8,38.72,8821
ger,1,0,0,-25,38,12669,3667,908,14,40.8,165
ger,1,0,0,9,35,828597,149687,598466,139,40.15,4135
ger,1,0,0,4,35,166605,33108,.,115,38.51,2056
ger,0,1,0,14,33,58299,10834,.,89,37.68,224
ger,0,0,0,17,35,519041,97793,.,129,35.72,4394
ger,1,0,0,11,37,658001,181404,337248,113,.,4916
ger,1,0,0,4,24,133854,49225,67089,107,40.28,1696
ger,0,0,0,9,35,1113861,139899,.,149,41.5,6485
ger,1,0,0,14,23,424161,33939,151722,85,.,4994
ger,1,0,0,4,37,166843,98334,59429,100,39.2,2147
ger,1,0,0,3,35,531050,110413,142457,44,.,4688
ger,1,0,0,9,30,108706,34797,53306,54,38.7,572
ger,0,1,0,33,26,72268,6123,54118,25,39.2,226
ger,0,1,0,8,28,773759,77844,197243,113,40,2847
ger,0,1,0,10,28,64741,24900,34216,111,.,320
ger,1,0,0,9,35,107508,15898,48292,34,38.12,660
ger,1,0,0,-1,25,79485,34367,22561,60,37.9,818
ger,0,1,0,32,32,338127,115712,165331,149,37.6,887
ger,0,1,0,-3,36,412486,90491,.,107,43,2937
ger,0,0,0,-2,22,41490,6567,21139,157,38.22,244
ger,0,1,0,2,35,115954,36654,50407,179,41.2,902
ger,0,0,0,7,34,2120462,915138,.,101,37,9648
ger,1,0,0,2,36,75522,15223,23836,52,.,861
ger,0,1,0,15,34,42307,6219,21622,69,35.7,166
ger,0,1,0,50,35,41113,1886,.,72,36,151
ger,1,0,0,4,35,1140085,449352,430954,143,.,5624
ger,0,1,0,-15,26,505373,153975,197585,55,40.5,2079
ger,1,0,0,-6,32,401357,179845,169104,120,38.1,5403
ger,0,1,0,2,34,28787,2505,8286,95,38.1,195
ger,1,0,0,-4,35,408255,66870,130487,125,.,3005
ger,1,0,0,2,34,183780,31367,66520,88,38.6,1890
ger,0,0,0,50,34,33583,11105,.,38,40,194
ger,0,0,0,-11,28,300881,59969,210503,83,48.14,4060
ger,0,0,0,7,35,18225,2404,6378,120,35.5,207
ger,0,0,0,3,36,1421070,232968,543538,123,37.37,6961
ger,1,0,1,8,28,737440,164313,203583,60,38.75,3419
ger,0,1,0,9,33,106315,26870,40885,34,36.25,584
ger,0,1,0,5,33,241573,27744,88369,36,38.7,509
ger,0,1,0,42,28,786910,99812,.,135,38.25,2628
ger,0,0,1,9,36,204571,48667,68062,89,35.26,2562
ger,1,0,0,5,24,128147,34561,36197,204,38.28,668
ger,0,0,0,27,33,343137,43097,134815,86,37,1416
ger,0,1,1,51,30,37189,8305,16002,54,40.7,360
ger,1,0,0,3,38,109049,9640,43882,143,35.75,1440
ger,0,1,0,24,28,682715,139871,240018,53,42.4,2744
ger,1,0,0,5,30,160212,40711,66936,113,.,1326
ger,1,0,0,10,34,361266,49322,163724,48,38.49,2255
ger,0,0,0,13,20,737123,107815,431873,151,40,2597
ger,1,0,0,5,33,1419054,549487,200965,127,36.15,11554
ger,0,1,0,9,26,484301,522702,.,10,38.15,4731
ger,1,0,0,-25,36,104100,36772,40445,34,40.75,1043
ger,0,0,1,16,23,132857,40102,53541,130,40.25,940
ger,0,0,0,20,36,331449,74739,.,8,.,1920
ger,1,0,0,6,39,644675,70634,179485,151,39.2,5073
ger,1,0,1,14,28,67627,11569,29745,61,39.2,341
ger,0,0,1,11,35,28522,12952,12062,63,44.92,392
ger,0,0,0,15,35,275623,46033,94305,99,35.51,2322
ger,1,0,0,4,30,92626,15643,39259,101,.,744
ger,0,1,0,16,33,137573,55028,.,12,38.7,600
ger,0,1,0,3,33,297011,.,131993,8,38.7,1790
ger,1,0,0,-6,35,21398,2733,8105,5,39,209
ger,1,0,0,2,35,198898,21687,74219,129,40.3,2327
ger,0,1,1,13,26,39415,23444,13410,34,43.42,304
ger,0,1,0,12,36,382872,76712,130316,129,42.3,1129
ger,1,0,0,6,35,111937,25404,42579,109,38.26,771
ger,0,1,0,51,28,211676,21729,.,111,40.75,539
ger,1,0,1,12,29,898668,187342,419295,20,38.7,3147
ger,0,1,0,-25,33,29636,12874,14193,31,37.64,476
ger,1,0,0,7,30,162912,30588,54811,146,39.7,1156
ger,0,0,0,14,32,144739,39113,31526,193,38,1901
ger,1,0,0,4,36,83231,46604,35428,40,37.48,740
ger,1,0,0,22,35,321092,47295,81926,81,35.75,2301
ger,0,0,0,12,35,127930,19524,38472,117,38.12,823
ger,0,0,0,0,35,247812,56040,.,89,.,1864
ger,0,1,0,17,39,420220,.,229187,107,38.3,1050
ger,1,0,0,1,24,149267,61815,52929,158,38.96,993
ger,1,0,1,8,28,402056,166384,169503,51,40,2088
ger,0,0,0,16,25,121837,35696,39127,79,40.15,1023
ger,1,0,0,11,32,118382,80708,10127,122,40.2,360
ger,1,0,0,12,35,241316,36934,68698,109,35,1308
ger,1,0,1,16,35,205018,30332,35470,55,.,1881
ger,1,0,0,32,35,134080,18273,31553,32,39.76,461
ger,1,0,0,13,35,214551,49977,85531,10,38.75,1671
ger,0,1,0,4,32,25013,5896,7396,108,40.4,557
ger,0,1,0,49,28,71279,8529,37410,178,.,272
ger,0,0,0,23,35,160096,7639,75350,205,36.45,1026
ger,1,0,0,14,20,15024,3499,4196,730,39.54,107
ger,0,0,0,12,27,1004063,172407,.,145,36,7602
ger,1,0,0,5,28,515150,301427,240751,148,38.25,4819
ger,1,0,0,7,36,268234,38613,133687,74,35.45,2366
ger,0,1,1,19,35,110380,25547,18520,56,37.18,1474
ger,0,1,0,51,35,305736,15973,.,66,40,2111
ger,0,0,0,48,35,351321,67738,.,53,35.24,3268
ger,1,0,0,26,32,264575,77070,77005,58,36.7,1441
ger,1,0,0,4,35,359167,.,115259,140,37.3,1376
ger,0,0,0,50,22,74670,6970,.,143,37,173
ger,1,0,1,13,35,986127,152809,404244,24,38.28,7709
ger,0,0,0,-13,32,45082,10363,.,131,38.7,691
ger,1,0,0,7,36,769314,127444,411273,71,.,5248
ger,0,1,0,12,26,49391,11276,30404,40,36.5,247
ger,0,1,0,17,26,149736,68240,69964,71,39.1,471
ger,1,0,0,5,32,129942,13224,71494,44,37.32,1544
ger,0,1,0,2,37,106412,5088,78808,16,39.2,683
ger,0,1,0,26,35,1127820,42821,.,52,35.25,4715
ger,0,0,1,8,35,1288406,180401,515957,193,.,7068
ger,1,0,0,15,20,28140,16362,5574,357,38.2,219
ger,0,0,0,22,35,225202,36026,.,101,40,1580
ger,0,0,0,-10,38,19237,7349,2928,5,41.5,200
ger,1,0,0,11,32,95616,34098,31265,95,38.76,588
ger,0,1,0,-10,32,65536,22714,31972,78,38.35,339
ger,1,0,0,10,34,166824,26104,58831,71,35.6,1097
uk,0,0,1,6,39,22601,6968,9786,130,.,179
uk,1,0,0,-9,31,130662,21244,84149,93,48.34,696
uk,0,0,1,10,20,121750,100510,77887,97,42,836
uk,0,0,0,25,38,35507,5742,9252,32,.,348
uk,1,0,0,20,26,516314,138659,389030,91,.,2790
uk,0,1,0,51,35,397364,41415,192272,31,39.4,1556
uk,0,0,1,15,28,31775,4150,14432,91,38.3,205
uk,0,0,1,21,22,32587,6350,18859,30,.,264
uk,0,0,0,11,28,9175,2697,3280,27,.,217
uk,0,0,0,10,39,9574,7074,574,113,.,267
uk,0,0,1,13,35,34833,5537,27841,26,.,267
uk,1,0,0,27,26,155942,31067,93721,25,40.3,1403
uk,1,0,0,13,39,138828,13372,73290,25,41.5,1406
uk,1,0,0,51,34,20755,1393,2252,24,.,548
uk,1,0,0,11,37,875663,176971,370063,88,42,5870
uk,0,1,0,19,33,81352,37872,45808,24,43.8,464
uk,1,0,0,25,27,749002,351066,307176,22,.,7302
uk,1,0,0,-9,36,379993,56570,190286,81,.,8681
uk,0,0,0,15,23,10909,1490,8062,21,38.38,102
uk,1,0,0,12,35,1772187,503029,1230340,84,.,18960
uk,0,0,1,4,38,28755,7480,3851,21,35,236
uk,1,0,0,-2,28,107490,31286,43190,22,43.4,759
uk,1,0,0,-15,39,47754,15279,17219,22,.,359
uk,0,0,1,-2,26,21108,7596,1963,20,.,257
uk,1,0,0,18,34,159895,28638,227875,21,53,545
uk,1,0,0,10,34,186885,39481,66677,21,39,1437
uk,0,0,1,1,22,24049,5680,8714,82,38.6,265
uk,0,1,0,-25,35,214839,38158,58623,82,.,1305
uk,0,0,1,43,34,247859,51911,121504,19,.,920
uk,1,0,0,-6,34,173174,21957,90447,19,39.75,1020
uk,0,1,1,17,35,114386,16019,110888,17,.,582
uk,1,0,1,4,23,15020,3632,7478,219,.,246
uk,0,0,0,6,30,23819,4798,8650,18,.,355
uk,0,0,1,7,37,796719,140635,567516,18,39,3336
uk,0,0,0,13,20,41354,1801,39749,18,42.52,316
uk,0,0,0,2,28,31620,19224,16459,79,42.48,271
uk,0,0,0,16,34,24515,4211,7669,17,.,247
uk,0,0,0,43,39,49906,8526,14293,16,37.68,909
uk,1,0,0,30,30,58407,13357,7662,15,42,682
uk,0,0,0,10,27,20357,8540,5488,15,40,302
uk,0,0,1,43,30,127852,42511,40607,71,40.1,711
uk,0,1,0,9,36,42676,8607,25291,15,38.25,337
uk,1,0,0,25,38,242601,35209,82775,15,.,1718
uk,1,0,0,-1,34,240425,77780,.,73,38,2538
uk,0,0,0,4,28,15561,2317,13225,14,45,185
uk,0,0,0,6,20,139523,47945,64384,14,40.68,942
uk,1,0,0,35,39,145173,21577,4969,13,39.75,1576
uk,1,0,0,10,28,28076,.,15598,12,41.5,244
uk,0,0,0,4,35,63265,16390,41575,12,45.4,369
uk,1,0,0,8,37,745373,165234,324379,74,.,4120
uk,1,0,0,37,36,415931,22803,175328,11,41.2,3042
uk,1,0,0,5,28,1655756,774898,.,72,44.45,18833
uk,0,1,0,25,36,81464,19919,53139,11,.,273
uk,0,1,0,-25,34,18494,773,17570,10,41.5,81
uk,0,0,0,5,20,76897,28177,54229,10,37.77,1088
uk,0,0,0,20,39,28040,5118,11524,8,42.27,274
uk,0,0,0,7,36,22629,7421,18518,8,.,220
uk,0,0,0,8,20,68479,33445,49261,115,37,346
uk,0,0,0,33,39,18492,2886,4968,8,.,221
uk,0,0,1,7,30,15390,7643,5848,66,40,271
uk,0,0,0,22,34,114253,40745,107214,7,50.4,607
uk,0,0,0,15,36,23288,7037,4203,7,38,237
uk,0,0,0,8,34,25989,14435,19711,7,38,172
uk,0,0,0,25,32,34148,5614,1057,7,39,274
uk,1,0,0,16,39,8330749,657979,7072980,111,.,5702
uk,0,0,0,-25,36,26085,5572,23481,7,38.08,261
uk,0,1,0,-25,37,1960301,741996,2641191,7,36,12172
uk,0,0,0,18,26,21387,7374,9785,7,40.5,211
uk,0,0,1,4,39,27008,4832,13623,246,40.2,287
uk,1,0,0,1,20,1301721,248084,643311,6,39.6,6324
uk,0,0,0,50,36,29086,1450,12450,6,.,171
uk,0,0,1,-4,23,30075,8386,10001,65,.,240
uk,0,0,0,37,24,17771,3645,984,6,39.66,316
uk,0,0,1,-2,28,18669,2133,5304,64,39.75,213
uk,0,0,0,7,20,184785,35856,118467,5,48.16,837
uk,0,1,0,50,37,247934,110616,35039,4,.,2968
uk,0,0,1,12,35,85914,37534,45208,57,37,599
uk,1,0,0,27,39,4440584,230790,2577420,60,.,20334
uk,0,0,0,19,25,64501,2012,46193,4,.,621
uk,0,0,0,50,24,31518,1752,19810,4,50.5,283
uk,1,0,0,29,38,382459,63559,165331,107,.,3291
uk,0,0,0,4,36,23929,1726,11887,3,.,244
uk,1,0,0,10,37,6903569,1893041,3688831,249,.,30281
uk,0,0,1,3,34,22837,1704,17014,109,37,225
uk,1,0,0,16,37,732600,86814,143949,57,55,6666
uk,0,0,1,-1,20,43082,14418,48000,59,.,175
uk,0,0,1,40,27,14984,10597,4271,56,39.6,168
uk,1,0,0,8,38,59105,15160,27145,54,38.75,519
uk,0,0,0,8,28,9769,2470,2165,110,39,130
uk,0,1,0,4,35,28005,1627,21423,57,40.6,177
uk,0,0,0,20,32,464462,259514,254594,56,43.8,2837
uk,0,0,1,16,22,41399,15215,28003,53,38.63,246
uk,0,0,0,5,35,59329,19230,29330,52,.,268
uk,1,0,0,9,38,80271,17775,16409,51,45,1146
uk,0,0,1,8,35,47074,49008,23357,47,40.75,209
uk,1,0,0,-5,37,149526,64735,97961,115,37,1189
uk,1,0,0,-3,38,139013,46250,59003,45,41,978
uk,1,0,0,10,28,66248,15640,26693,106,40,362
uk,1,0,0,0,27,54754,16311,10011,44,36.8,465
uk,0,0,0,45,37,193971,35879,122537,43,44.66,946
uk,0,0,0,1,37,31108,16999,22332,45,39.4,556
uk,0,1,0,9,28,260555,94196,160076,45,40.55,1137
uk,0,0,1,-10,34,21424,9489,10846,42,45.5,232
uk,1,0,0,13,35,2213133,618865,827580,42,.,12854
uk,0,0,1,12,25,26380,12746,5315,40,39,262
uk,0,0,1,15,39,30458,3180,15745,108,39.3,235
uk,0,0,0,-5,36,17581,5596,13196,105,42.1,137
uk,0,1,1,-1,36,8228,4283,1699,43,48,177
uk,1,0,0,-9,25,106562,22658,37569,43,38,633
uk,0,0,1,2,23,743426,94560,9224174,42,.,1404
uk,0,0,0,14,39,26784,2990,17673,41,40.8,208
uk,0,0,0,15,28,2939792,612359,2269331,95,41.35,5226
uk,0,0,0,11,35,14626,3839,804,34,.,157
uk,0,1,0,16,34,33257,7722,17196,36,.,412
uk,0,0,0,10,28,54665,6503,28255,35,37.4,428
uk,0,0,0,4,22,79220,35564,22263,67,39.6,1038
uk,0,0,0,7,24,65781,25494,48738,39,42,586
uk,1,0,0,4,28,248363,150308,31424,13,35,1946
uk,1,0,0,10,35,1219414,158350,478998,113,45.8,5371
uk,0,0,0,4,33,35071,4186,18981,96,.,245
uk,0,0,0,-25,28,64331,38256,36478,23,42.22,385
uk,0,0,0,14,20,57518,41651,43651,12,.,195
uk,1,0,0,-1,38,59380,8038,11223,11,39.8,428
uk,1,0,1,16,20,460021,191023,365465,11,.,3202
uk,0,0,0,8,26,166328,76306,99627,10,35,941
uk,0,0,0,10,26,88423,39315,48391,4,.,749
us,1,0,0,19,38,13092,1566,2675,22,48.4,124
us,1,0,0,29,30,640119,182550,448960,35,.,4297
us,1,0,0,27,39,565807,103382,284798,94,46,2870
us,1,0,0,21,35,1056393,414838,610687,90,.,5323
us,1,0,0,18,35,291802,28666,121761,35,40,2101
us,1,0,0,14,35,314064,60023,259916,25,40,2588
us,1,0,0,-4,36,91393,4980,52891,21,.,363
us,1,0,1,33,20,1699671,353226,1445733,129,40.5,12948
us,1,0,0,9,33,529140,179504,299801,72,41.5,2425
us,1,0,0,29,22,865295,366177,457758,106,.,5650
us,1,0,0,19,34,947309,156930,626721,105,.,3847
us,1,0,0,19,28,80689,18472,50584,35,43.8,610
us,1,0,0,29,36,624429,181765,181457,104,45.8,5055
us,1,0,0,32,35,233522,70511,128862,91,45,1904
us,1,0,0,29,28,1818977,951687,1177470,84,43,5653
us,1,0,0,26,27,674553,137655,266406,20,40,4097
us,1,0,0,11,37,204765,39961,68395,34,40.44,748
us,1,0,0,19,26,909186,551275,326024,65,40,7133
us,1,0,0,-4,36,115351,10477,89517,12,51,356
us,1,0,0,-25,38,11755,3220,.,8,43,159
us,1,0,0,25,32,59015,15931,10942,38,48,361
us,1,0,0,19,38,18455,1523,10903,22,40.75,112
us,1,0,0,20,28,206162,28455,134468,120,43.6,378
us,1,0,0,18,28,896252,298416,733551,158,.,2774
us,1,0,0,-6,35,35126,3800,36177,26,40,127
us,1,0,0,19,34,359621,77787,179104,5,46,1608
us,1,0,0,-25,30,91579,39546,67823,7,43.6,428
us,1,0,0,30,20,938064,486623,569023,104,.,6648
us,1,0,0,-4,38,122208,34161,66448,56,46,890
us,1,0,0,27,35,434584,55741,207245,127,46.03,3010
us,1,0,0,16,33,887447,152841,815216,92,40,1968
us,1,0,0,19,33,870037,256609,419308,37,43.2,4959
us,1,0,0,17,36,103030,7749,43865,34,37.73,654
us,1,0,0,30,38,59974,5474,24542,31,40.5,443
us,1,0,0,9,28,178160,127758,122831,18,43,838
us,1,0,1,22,37,52265,28214,21938,57,44.12,268
us,1,0,0,34,20,2296250,1216685,1487944,6,50,8536
us,1,0,0,44,27,218621,54539,93404,178,45.2,1535
us,1,0,0,22,36,151140,.,35923,17,48,613
us,1,0,0,16,28,2345358,841921,1712478,118,.,6214
us,1,0,0,-19,35,35725,11114,.,8,45,247
us,1,0,0,13,23,173116,17115,141175,14,40.8,636
us,1,0,0,-6,38,46598,3390,29544,21,43.84,237
us,1,0,0,34,39,108224,18118,58657,30,41.67,541
us,1,0,0,23,28,1477401,517923,987561,97,55,5335
us,1,0,0,19,38,174493,14389,51246,26,45.35,1081
us,1,0,0,36,36,40021,5003,21304,23,.,122
us,1,0,0,48,35,83253,9552,54952,36,.,349
us,1,0,0,29,28,324797,36004,191868,44,42.75,2277
us,1,0,1,19,30,372499,165161,224870,98,34.5,2492
us,1,0,0,14,22,221923,106566,132928,32,40,1801
us,1,0,0,17,38,951633,245280,393081,103,45.2,8169
us,1,0,0,21,35,129550,20448,88216,19,45.75,442
us,1,0,0,45,38,179917,46027,73084,22,45.5,771
us,1,0,0,37,39,98745,9241,15652,212,40.5,1288
us,1,0,0,27,34,253392,73871,137822,42,50,3053
us,1,0,1,16,38,16998,3034,6445,21,40.75,163
us,1,0,0,19,36,50792,1879,25168,24,.,268
us,1,0,0,50,38,50184,13769,25776,61,47.3,179
us,1,0,0,21,28,77073,6702,25436,49,42.5,251
us,1,0,0,21,36,1676464,209088,815430,24,44.4,7825
us,1,0,0,7,35,171439,127609,149959,20,41,1009
us,1,0,0,-1,36,71514,6057,50094,43,.,568
us,1,0,0,3,38,66319,4374,36703,45,40,379
us,1,0,0,50,39,149213,9738,102471,82,55,666
us,1,0,0,19,35,376570,71429,136048,14,.,2027
us,1,0,0,37,35,8425164,1057260,3046371,128,.,47519
us,1,0,0,-2,36,145492,35317,154267,36,41,603
us,1,0,0,26,35,2061655,276874,1340344,4,40,6525
us,1,0,0,48,24,452884,167004,254235,53,45.6,4576
us,1,0,0,23,32,449167,167217,389873,99,.,2706
us,1,0,0,19,35,64119,8357,30477,18,44.25,441
us,1,0,0,26,37,259857,17655,132510,16,50,1107
us,1,0,1,21,34,98317,55671,79277,87,.,555
us,1,0,0,9,26,388145,220951,184469,15,42.6,2023
us,1,0,0,24,36,2732580,1085603,1326149,38,43.8,11309
us,1,0,0,16,38,395081,89195,229447,38,43,1089
us,1,0,0,14,36,85226,19528,36978,36,45.8,551
us,1,0,1,37,32,830438,436570,401757,72,.,2597
us,1,0,0,30,30,1201636,194285,810969,22,40,7221
us,1,0,0,15,37,48221,21694,30173,25,.,425
us,1,0,0,45,36,321624,50268,138321,59,.,3928
us,1,0,0,18,35,428070,68944,231110,148,43.2,2116
us,1,0,0,17,35,72647,14555,42109,36,.,403
us,1,0,1,12,35,59067,27132,.,50,35,793
us,1,0,0,29,33,1628968,350747,1200148,160,45.45,4498
us,1,0,0,26,37,280659,121563,103407,31,45.8,1396
us,1,0,0,46,36,1147518,123497,532292,19,42.5,11301
us,1,0,0,23,35,592653,57328,323629,55,43.3,2388
us,1,0,0,13,35,32859,1281,17982,16,40,144
us,1,0,0,50,34,654031,30935,478507,36,49.5,2241
us,1,0,0,35,30,990743,399037,461844,11,.,5409
us,1,0,0,14,28,1827626,542644,884638,145,.,8343
us,1,0,0,50,35,432164,91510,217677,78,46.25,1098
us,1,0,0,6,34,40073,11540,23371,68,46,329
us,1,0,0,50,20,114103,12859,50052,11,47,508
us,1,0,0,40,37,501148,53855,554401,22,40.4,935
us,1,0,0,-25,28,19732,9133,.,11,.,210
us,1,0,0,12,36,37716,3602,28845,36,46.5,126
us,1,0,0,37,38,288541,80188,151781,34,.,2098
us,1,0,0,29,20,261671,68185,154385,77,40,2588
us,1,0,0,8,23,607610,31353,303448,129,41.6,4757
us,1,0,0,23,34,176099,68736,79198,15,43,1221
us,1,0,0,0,35,144976,25039,95174,37,50.56,744
us,1,0,0,22,38,81406,13396,44268,11,45.75,291
us,1,0,0,31,35,10665,964,6822,48,45.3,92
us,1,0,0,-3,38,181010,60058,156989,20,43.75,677
us,1,0,1,15,24,25177,9734,9400,99,.,239
us,1,0,0,20,28,316753,108377,159220,26,42,2569
us,1,0,0,34,28,332442,45732,161556,21,49,1902
us,1,0,0,20,36,970587,171237,804243,48,40,3222
us,1,0,0,14,38,211769,50355,118772,36,41,739
us,1,0,0,16,22,1124253,244738,664455,33,50,5261
us,1,0,0,18,34,216809,64128,91393,49,.,1703
us,1,0,0,11,36,215858,25480,130551,21,.,1271
us,1,0,0,3,35,50433,8052,50049,15,42,185
us,1,0,0,25,38,1117789,137408,552875,23,45.5,4756
us,1,0,0,40,35,581559,171635,233189,54,47,2147
us,1,0,0,24,38,23585,1573,16706,17,42.45,148
us,1,0,0,23,30,168161,44840,81898,16,40.5,785
us,1,0,0,51,32,325285,40976,284174,13,45.2,801
us,1,0,0,5,35,1013460,214231,834437,116,43.2,6057
us,1,0,0,33,34,39794,2174,28306,139,42,148
us,1,0,0,25,38,78955,13344,42295,40,.,282
us,1,0,0,-11,38,29988,6546,15911,26,40.5,267
us,1,0,0,13,35,254356,28007,99351,13,.,1322
us,1,0,0,17,35,254463,76954,124171,61,45.2,1572
us,1,0,1,32,38,144857,14158,71735,59,44.8,555
us,1,0,0,17,36,849999,.,17725,83,.,5361
us,1,0,0,20,38,24386,8812,3719,21,42,184
us,1,0,0,15,35,89122,12688,38125,56,45,566
us,1,0,0,-8,36,52092,46631,.,20,49,465
us,1,0,1,18,30,104069,7688,89594,111,42.8,572
us,1,0,0,26,37,272402,97690,124681,93,41,1392
us,1,0,0,27,38,83927,2146,.,22,45.1,1375
us,1,0,0,42,20,549142,185070,264909,89,40.5,4148
us,1,0,0,50,28,12166,5554,1432,59,41,74
us,1,0,0,29,38,169956,25143,113805,41,40,399
us,1,0,0,15,28,449872,49749,335640,42,45.75,1363
us,1,0,0,7,24,105678,25081,77781,33,37.6,962
us,1,0,0,12,38,29133,9007,17792,18,.,122
us,1,0,0,49,36,119107,27225,9541,30,.,1048
us,1,0,0,23,35,150993,14742,107940,50,44.4,528
us,1,0,0,32,36,311586,97187,35778,76,40,6009
us,1,0,0,16,33,670750,171325,422512,61,50.75,2008
us,1,0,0,0,35,318723,96711,251791,4,43,2458
us,1,0,0,8,36,79587,13267,70655,44,55,766
us,1,0,0,9,24,3066103,1738344,1558045,32,47.55,13306
us,1,0,0,27,28,1522939,644040,1163625,75,48.5,4822
us,1,0,0,31,35,325676,72739,125008,99,41.6,1936
us,1,0,0,7,38,248087,82971,178949,45,46,1504
us,1,0,0,45,36,267674,36096,127250,7,48.7,884
us,1,0,0,17,28,507530,176552,224254,86,43.35,3259
us,1,0,0,19,36,311475,34875,175557,35,41,2289
us,1,0,0,-10,35,47497,5130,34994,54,.,240
us,1,0,0,33,28,141039,32917,65738,23,32.7,1026
us,1,0,0,36,28,41904,19937,16911,36,.,297
us,1,0,0,37,33,273889,47587,101741,154,.,2113
us,1,0,0,-25,35,264489,34552,.,15,55,1452
us,1,0,0,34,33,630956,179816,362250,28,41,2439
us,1,0,0,23,27,1085489,400358,255995,143,.,13281
us,1,0,0,15,27,775053,408901,249579,158,41.5,7946
us,1,0,0,29,38,87180,10245,56021,27,41.99,253
us,1,0,0,35,38,347722,50962,147381,37,46.04,2379
us,1,0,0,12,35,332771,56121,184749,107,40,2693
us,1,0,0,25,35,72667,12050,39450,38,55,256
us,1,0,0,10,38,28136,2591,13774,13,40.5,176
us,1,0,0,9,35,126649,31177,5086,26,43.26,1547
us,1,0,0,40,25,1085060,373876,831133,102,42.9,7241
us,1,0,0,15,38,93691,11663,49400,21,43.14,357
us,1,0,1,29,32,113909,91749,90593,97,45.9,335
us,1,0,0,21,35,260342,28298,141120,16,43.4,1434
us,1,0,0,23,35,1859123,148067,1192411,141,.,9580
us,1,0,0,-1,28,68614,.,.,14,49.5,771
us,1,0,0,16,27,202331,9194,162349,43,44.6,689
us,1,0,0,33,36,59144,5827,13023,23,.,701
us,1,0,0,25,34,40525,23139,15495,52,.,405
us,1,0,0,46,27,1511321,324975,826241,105,45.8,6345
us,1,0,0,26,38,26966,3506,10310,35,40.9,195
us,1,0,0,18,38,67440,23179,25522,23,55,568
us,1,0,0,34,38,236031,158539,23530,21,41.5,1993
us,1,0,0,18,36,1132510,597910,877556,5,41,8725
us,1,0,0,38,33,66567,13600,44362,21,.,189
us,1,0,1,20,23,670568,24337,201559,61,44,7650
us,1,0,0,-15,38,14597,1965,10632,23,44.4,100
us,1,0,0,29,30,77883,35781,55266,36,.,563
us,1,0,0,25,30,2077096,1492088,2013198,39,.,16945
us,1,0,0,12,35,114522,7960,46041,37,40,815
us,1,0,0,18,35,119156,11819,96055,35,40,446
us,1,0,0,2,36,88640,44385,9766,36,.,1979
us,1,0,0,13,32,268147,36991,199247,48,40.3,1272
us,1,0,1,24,27,596444,133283,206479,59,.,5873
us,1,0,0,36,35,81008,3197,47905,76,45.75,238
us,1,0,0,4,36,532556,86636,382320,10,45.8,3254
us,1,0,0,27,20,220167,154235,154662,21,43.02,803
us,1,0,0,-10,38,48484,10573,31632,22,55,275
us,1,0,0,15,38,1075477,239708,308942,58,.,8839
us,1,0,0,23,26,1034074,115014,487018,74,42.5,2777
us,1,0,0,50,37,1488004,146664,1103627,52,44.1,4466
us,1,0,0,12,36,373893,131052,184167,19,48.5,1495
us,1,0,0,29,35,13650,847,8512,42,43.5,79
us,1,0,0,24,22,342646,144665,172351,60,47.78,2626
us,1,0,0,28,33,1119988,394736,763879,35,.,3087
us,1,0,0,24,36,41352,15175,24534,27,.,291
us,1,0,0,19,28,2105632,383430,1129217,60,48.5,6902
us,1,0,0,12,36,441468,201037,274873,13,44,1831
us,1,0,0,13,36,194606,152660,93866,9,44,1612
us,1,0,0,37,30,123689,12320,54712,50,45.75,638
us,1,0,0,-5,25,7328,359,5197,17,41.2,68
us,1,0,0,23,35,45822,10425,20434,14,50,478
us,1,0,0,21,28,1680059,161900,806581,12,42,5437
us,1,0,0,-4,35,12102,.,9003,39,55,120
us,1,0,0,30,26,1533731,698045,748711,68,.,7950
us,1,0,0,30,36,169315,10051,98272,24,.,931
us,1,0,1,42,28,28984,3837,19576,114,41,124
us,1,0,0,22,38,235688,59824,111964,67,46.2,1328
us,1,0,0,35,38,1261803,284875,588334,27,.,8324
us,1,0,0,50,24,32028,10331,11345,16,55,379
us,1,0,1,29,20,325995,62489,245062,80,.,1613
us,1,0,0,29,35,882843,369588,312133,17,40,10465
us,1,0,0,17,27,1432713,683116,603244,127,40,6244
us,1,0,0,-3,35,26800,1274,16173,37,41.3,251
us,1,0,0,51,38,29188,3097,10369,12,.,130
us,1,0,0,24,35,464321,189322,180282,44,.,1970
us,1,0,0,27,36,1138578,83939,855926,25,41.5,3721
us,1,0,0,23,20,764581,164203,544420,54,42.8,2832
us,1,0,0,-25,36,17972,3059,9320,28,.,133
us,1,0,0,14,36,20830,7326,3352,44,.,313
us,1,0,0,51,39,51551,10488,14788,21,.,158
us,1,0,0,-6,38,18838,1869,9856,41,.,105
us,1,0,0,35,34,1880166,839325,1327751,17,41.1,7520
us,1,0,0,14,35,132940,8675,139820,14,40,386
us,1,0,0,34,34,384735,82431,224007,45,39.75,2298
us,1,0,0,38,25,106977,12530,62709,29,.,544
us,1,0,0,14,24,547085,48071,295883,53,41,2673
us,1,0,0,47,30,72573,55453,61755,25,42,249
us,1,0,0,27,38,21713,4264,17284,20,42.25,108
us,1,0,0,6,38,53004,7806,39609,21,.,237
us,1,0,0,17,34,196422,90905,56055,132,41.05,1634
us,1,0,0,44,35,28413,827,19240,17,45,82
us,1,0,0,21,39,353492,93878,169796,11,.,3479
us,1,0,1,39,28,1004801,193206,527179,72,.,1077
us,1,0,0,30,35,2031106,261389,1416281,35,40,8905
us,1,0,0,20,38,33892,5649,19762,16,.,191
us,1,0,0,16,38,25876,4351,13944,14,45.5,280
us,1,0,0,48,37,197866,40523,1123,10,44.8,3709
us,1,0,0,22,34,156660,34144,66827,56,50,1212
us,1,0,0,38,36,379884,18677,193872,23,47.2,1833
us,1,0,0,31,37,733230,254543,162739,48,46,7879
us,1,0,0,28,37,275301,42883,93616,26,41,1460
us,1,0,0,12,33,98247,24906,59902,61,.,641
us,1,0,1,22,36,245272,72520,148076,21,46,1738
us,1,0,0,15,38,854154,137619,540066,57,45.1,5320
us,1,0,0,31,35,405678,80309,268073,135,45,2105
us,1,0,0,-12,38,86763,13824,70921,23,.,653
us,1,0,0,11,35,148706,18668,75433,17,55,540
us,1,0,1,50,31,1168994,90546,696473,71,46.2,3398
us,1,0,0,8,33,525916,204520,256958,201,39.5,3098
us,1,0,0,22,35,43911,5435,32590,8,43.33,171
us,1,0,0,5,39,34772,5428,27491,55,45,218
us,1,0,0,4,37,183296,23456,106712,9,40.5,1557
us,1,0,0,13,36,301117,208669,185871,19,47,1691
us,1,0,0,18,37,692962,199766,131893,11,40,3727
us,1,0,0,-1,38,75450,32892,56223,37,41.5,556
us,1,0,1,18,30,73054,11468,37772,42,40.6,461
us,1,0,0,19,32,452512,84561,362847,6,50,1813
us,1,0,0,29,23,750680,209213,7692,69,40,6650
us,1,0,0,40,38,1160743,218422,678740,27,43.5,3984
us,1,0,0,19,38,32075,2313,19876,26,.,129
us,1,0,0,31,34,67096,55173,28855,24,.,225
us,1,0,0,38,37,1165717,68543,835858,65,53,3997
us,1,0,0,26,28,998535,455989,295356,70,43.2,6180
us,1,0,0,21,28,1554737,410521,1066289,208,43.33,8556
us,1,0,0,31,39,34584,7338,18108,24,40.75,318
us,1,0,0,25,34,469971,117694,215276,134,45,3042
us,1,0,1,30,34,50918,7872,23332,44,.,392
us,1,0,0,-26,28,37808,32970,47661,26,.,265
us,1,0,1,27,33,2296891,940157,1253096,53,46.6,7918
us,1,0,0,-25,36,83181,6511,.,10,.,295
us,1,0,0,50,39,422534,93310,96758,35,.,2721
us,1,0,0,20,38,30756,9591,15296,18,44.2,186
us,1,0,0,-15,36,49127,4066,27411,19,42,196
us,1,0,0,18,38,110998,15434,70073,23,44.2,747