daaa,dus3mt,dum7599,year,month,month2,paneldate
-0.01,-0.01,0,1950,1,93/November,1950m1
0.04,0.01,0,1950,2,93/November,1950m2
0.01,0,0,1950,3,93/November,1950m3
0.02,0.02,0,1950,4,93/November,1950m4
0.01,0.01,0,1950,5,93/November,1950m5
0,0.01,0,1950,6,93/November,1950m6
0,0.03,0,1950,7,93/November,1950m7
0.04,-0.04,0,1950,8,93/November,1950m8
0.1,0.03,0,1950,9,93/November,1950m9
0.02,0.03,0,1950,10,93/December,1950m10
0.03,0,0,1950,11,93/December,1950m11
0.01,0,0,1950,12,93/December,1950m12
0.02,-0.01,0,1951,1,94/March,1951m1
0,0,0,1951,2,94/March,1951m2
0.03,0.12,0,1951,3,94/March,1951m3
0.1,0.09,0,1951,4,94/March,1951m4
0.06,0.02,0,1951,5,94/March,1951m5
-0.08,0.05,0,1951,6,94/March,1951m6
0.09,0,0,1951,7,94/March,1951m7
0.05,-0.06,0,1951,8,94/March,1951m8
0.01,-0.04,0,1951,9,94/March,1951m9
-0.04,0.05,0,1951,10,94/March,1951m10
0,0.07,0,1951,11,94/March,1951m11
0.12,0.05,0,1951,12,94/March,1951m12
-0.04,-0.03,0,1952,1,94/June,1952m1
-0.12,-0.05,0,1952,2,94/June,1952m2
0.09,0.03,0,1952,3,94/June,1952m3
-0.04,-0.03,0,1952,4,94/June,1952m4
0.09,0,0,1952,5,94/June,1952m5
-0.01,0.01,0,1952,6,94/June,1952m6
0.12,0.01,0,1952,7,94/June,1952m7
0.06,-0.01,0,1952,8,94/June,1952m8
-0.09,0.01,0,1952,9,94/June,1952m9
-0.01,0.06,0,1952,10,94/June,1952m10
0.08,-0.03,0,1952,11,94/June,1952m11
0.27,-0.01,0,1952,12,94/June,1952m12
-0.09,0.05,0,1953,1,94/September,1953m1
-0.02,0.05,0,1953,2,94/September,1953m2
0.06,0.05,0,1953,3,94/September,1953m3
0.1,0.11,0,1953,4,94/September,1953m4
0.02,0.11,0,1953,5,94/September,1953m5
0.03,0.06,0,1953,6,94/September,1953m6
-0.13,-0.12,0,1953,7,94/September,1953m7
-0.01,-0.04,0,1953,8,94/September,1953m8
-0.21,0.05,0,1953,9,94/September,1953m9
-0.48,-0.13,0,1953,10,94/September,1953m10
0.03,-0.05,0,1953,11,94/September,1953m11
0.2,0.02,0,1953,12,94/September,1953m12
-0.42,-0.07,0,1954,1,94/December,1954m1
-0.23,-0.11,0,1954,2,94/December,1954m2
0.07,-0.09,0,1954,3,94/December,1954m3
-0.04,-0.01,0,1954,4,94/December,1954m4
-0.23,0.03,0,1954,5,94/December,1954m5
-0.13,0.02,0,1954,6,95/January,1954m6
0.06,-0.01,0,1954,7,95/January,1954m7
0.18,-0.02,0,1954,8,95/January,1954m8
0.12,0.02,0,1954,9,95/January,1954m9
-0.02,-0.02,0,1954,10,95/January,1954m10
-0.04,0.02,0,1954,11,95/January,1954m11
0.22,0.01,0,1954,12,95/January,1954m12
0.09,0.03,0,1955,1,95/April,1955m1
-0.08,0,0,1955,2,95/April,1955m2
0.15,0.09,0,1955,3,95/April,1955m3
0.29,-0.01,0,1955,4,95/April,1955m4
-0.13,0.03,0,1955,5,95/April,1955m5
-0.06,0.01,0,1955,6,95/April,1955m6
0.19,0.01,0,1955,7,95/April,1955m7
0.26,0.05,0,1955,8,95/April,1955m8
0.21,0.02,0,1955,9,95/April,1955m9
0.17,-0.03,0,1955,10,95/April,1955m10
-0.04,0,0,1955,11,95/April,1955m11
0.34,0.05,0,1955,12,95/April,1955m12
-0.1,-0.04,0,1956,1,95/July,1956m1
-0.09,-0.03,0,1956,2,95/July,1956m2
-0.06,0.02,0,1956,3,95/July,1956m3
0.3,0.14,0,1956,4,95/July,1956m4
0.04,0.04,0,1956,5,95/July,1956m5
-0.12,-0.02,0,1956,6,95/July,1956m6
-0.2,0.02,0,1956,7,95/July,1956m7
0.28,0.15,0,1956,8,95/July,1956m8
0.24,0.13,0,1956,9,95/July,1956m9
0.11,0.03,0,1956,10,95/July,1956m10
0.04,0.1,0,1956,11,95/July,1956m11
0.23,0.06,0,1956,12,95/July,1956m12
-0.02,0.02,0,1957,1,95/October,1957m1
-0.05,-0.1,0,1957,2,95/October,1957m2
-0.02,-0.01,0,1957,3,95/October,1957m3
-0.03,0.01,0,1957,4,95/October,1957m4
-0.07,0.07,0,1957,5,95/October,1957m5
0.28,0.17,0,1957,6,95/October,1957m6
-0.16,0.08,0,1957,7,95/October,1957m7
0.24,0.11,0,1957,8,95/October,1957m8
0.18,0.02,0,1957,9,95/October,1957m9
0.01,-0.02,0,1957,10,95/November,1957m10
-0.25,-0.02,0,1957,11,95/November,1957m11
-0.24,-0.27,0,1957,12,95/November,1957m12
-0.5,-0.21,0,1958,1,96/January,1958m1
-1.04,-0.01,0,1958,2,96/February,1958m2
-0.21,0.04,0,1958,3,96/February,1958m3
-0.22,-0.03,0,1958,4,96/February,1958m4
-0.08,-0.03,0,1958,5,96/February,1958m5
-0.17,0,0,1958,6,96/February,1958m6
0.08,0.1,0,1958,7,96/February,1958m7
0.73,0.18,0,1958,8,96/February,1958m8
0.79,0.24,0,1958,9,96/February,1958m9
0.31,0.02,0,1958,10,96/February,1958m10
-0.03,-0.02,0,1958,11,96/February,1958m11
0.05,-0.01,0,1958,12,96/February,1958m12
0.03,0.04,0,1959,1,96/May,1959m1
-0.13,0.02,0,1959,2,96/May,1959m2
0.14,-0.01,0,1959,3,96/May,1959m3
0.11,0.1,0,1959,4,96/May,1959m4
-0.11,0.14,0,1959,5,96/May,1959m5
0.4,0.09,0,1959,6,96/May,1959m6
-0.01,0.01,0,1959,7,96/May,1959m7
0.12,-0.04,0,1959,8,96/May,1959m8
0.64,0.09,0,1959,9,96/May,1959m9
0.12,0.05,0,1959,10,96/May,1959m10
0.09,-0.01,0,1959,11,96/May,1959m11
0.36,0.02,0,1959,12,96/May,1959m12
-0.13,0.03,0,1960,1,96/August,1960m1
-0.48,-0.05,0,1960,2,96/August,1960m2
-0.52,-0.07,0,1960,3,96/August,1960m3
-0.19,-0.04,0,1960,4,96/August,1960m4
0.14,0.01,0,1960,5,96/August,1960m5
-0.75,-0.01,0,1960,6,96/August,1960m6
-0.24,-0.04,0,1960,7,96/August,1960m7
-0.11,-0.13,0,1960,8,96/August,1960m8
0.2,-0.03,0,1960,9,96/August,1960m9
-0.06,0.05,0,1960,10,96/August,1960m10
-0.04,0.01,0,1960,11,96/August,1960m11
-0.12,0.04,0,1960,12,96/August,1960m12
0.03,-0.03,0,1961,1,96/November,1961m1
0.11,-0.05,0,1961,2,96/November,1961m2
0.01,-0.05,0,1961,3,96/November,1961m3
-0.09,0.03,0,1961,4,96/November,1961m4
-0.04,0.02,0,1961,5,96/November,1961m5
0.07,0.06,0,1961,6,96/December,1961m6
-0.09,0.08,0,1961,7,96/December,1961m7
0.13,0.04,0,1961,8,96/December,1961m8
-0.1,0,0,1961,9,96/December,1961m9
0.05,-0.03,0,1961,10,96/December,1961m10
0.11,-0.03,0,1961,11,96/December,1961m11
0.16,0.03,0,1961,12,96/December,1961m12
0.13,0,0,1962,1,97/March,1962m1
0.01,0,0,1962,2,97/March,1962m2
-0.04,-0.03,0,1962,3,97/March,1962m3
0.02,-0.06,0,1962,4,97/March,1962m4
-0.04,-0.05,0,1962,5,97/March,1962m5
0.02,0,0,1962,6,97/March,1962m6
0.22,0.06,0,1962,7,97/March,1962m7
-0.1,0.01,0,1962,8,97/March,1962m8
-0.05,-0.03,0,1962,9,97/March,1962m9
-0.04,-0.04,0,1962,10,97/March,1962m10
0.05,-0.03,0,1962,11,97/March,1962m11
0.06,-0.01,0,1962,12,97/March,1962m12
0.05,-0.03,0,1963,1,97/June,1963m1
0.01,-0.02,0,1963,2,97/June,1963m2
-0.02,0,0,1963,3,97/June,1963m3
0.01,0.02,0,1963,4,97/June,1963m4
0.01,0.01,0,1963,5,97/June,1963m5
0.08,0.01,0,1963,6,97/June,1963m6
0.14,0.03,0,1963,7,97/June,1963m7
0.18,0.03,0,1963,8,97/June,1963m8
0.06,0.02,0,1963,9,97/June,1963m9
0.07,0.01,0,1963,10,97/June,1963m10
0.07,0.01,0,1963,11,97/June,1963m11
0,0.02,0,1963,12,97/June,1963m12
0.01,0.04,0,1964,1,97/September,1964m1
0,-0.03,0,1964,2,97/September,1964m2
0.02,0.02,0,1964,3,97/September,1964m3
-0.07,0.02,0,1964,4,97/September,1964m4
0,0.01,0,1964,5,97/September,1964m5
0,0,0,1964,6,97/September,1964m6
0,-0.01,0,1964,7,97/September,1964m7
0.03,0.01,0,1964,8,97/September,1964m8
0.02,0.01,0,1964,9,97/September,1964m9
0.05,0,0,1964,10,97/October,1964m10
0.04,0.01,0,1964,11,97/October,1964m11
0.24,0.01,0,1964,12,97/October,1964m12
-0.03,-0.01,0,1965,1,97/December,1965m1
0.1,-0.02,0,1965,2,98/January,1965m2
0.01,0.01,0,1965,3,98/January,1965m3
-0.01,0.01,0,1965,4,98/January,1965m4
-0.03,0.01,0,1965,5,98/January,1965m5
-0.09,0.02,0,1965,6,98/January,1965m6
0.02,0.02,0,1965,7,98/January,1965m7
0.01,0.01,0,1965,8,98/January,1965m8
0.07,0.03,0,1965,9,98/January,1965m9
0.12,0.04,0,1965,10,98/January,1965m10
0.05,0.04,0,1965,11,98/January,1965m11
0.28,0.08,0,1965,12,98/January,1965m12
0.24,0.06,0,1966,1,98/April,1966m1
0.07,0.04,0,1966,2,98/April,1966m2
-0.04,0.14,0,1966,3,98/April,1966m3
-0.02,0.04,0,1966,4,98/April,1966m4
0.03,0.02,0,1966,5,98/April,1966m5
-0.1,0.09,0,1966,6,98/April,1966m6
0.32,0.09,0,1966,7,98/April,1966m7
0.07,0.15,0,1966,8,98/April,1966m8
0.43,0.18,0,1966,9,98/April,1966m9
0.03,-0.08,0,1966,10,98/April,1966m10
-0.05,-0.06,0,1966,11,98/April,1966m11
-0.33,0.04,0,1966,12,98/April,1966m12
-0.25,-0.19,0,1967,1,98/July,1967m1
-0.2,-0.17,0,1967,2,98/July,1967m2
-0.27,0.1,0,1967,3,98/July,1967m3
-0.43,-0.02,0,1967,4,98/July,1967m4
-0.22,0.13,0,1967,5,98/July,1967m5
-0.16,0.2,0,1967,6,98/July,1967m6
0.83,0.14,0,1967,7,98/July,1967m7
-0.04,0.04,0,1967,8,98/July,1967m8
0.18,0.03,0,1967,9,98/July,1967m9
0.14,0.17,0,1967,10,98/July,1967m10
0.17,0.25,0,1967,11,98/July,1967m11
0.25,0.12,0,1967,12,98/July,1967m12
0.07,-0.02,0,1968,1,98/October,1968m1
-0.11,-0.07,0,1968,2,98/October,1968m2
0.18,0.01,0,1968,3,98/October,1968m3
0.22,0.1,0,1968,4,98/October,1968m4
0.25,0.06,0,1968,5,98/October,1968m5
-0.07,0.01,0,1968,6,98/November,1968m6
-0.17,-0.04,0,1968,7,98/November,1968m7
-0.29,-0.22,0,1968,8,98/November,1968m8
0.11,-0.05,0,1968,9,98/November,1968m9
0.14,0.12,0,1968,10,98/November,1968m10
0.15,0.1,0,1968,11,98/November,1968m11
0.43,0.26,0,1968,12,98/November,1968m12
0.26,0.14,0,1969,1,99/February,1969m1
-0.02,0.07,0,1969,2,99/February,1969m2
-0.08,0.19,0,1969,3,99/February,1969m3
0.08,0.04,0,1969,4,99/February,1969m4
-0.08,-0.1,0,1969,5,99/February,1969m5
0.41,0.19,0,1969,6,99/February,1969m6
0.52,0.1,0,1969,7,99/February,1969m7
0,-0.11,0,1969,8,99/February,1969m8
0.12,0.17,0,1969,9,99/February,1969m9
-0.09,0.19,0,1969,10,99/February,1969m10
0.16,0.02,0,1969,11,99/February,1969m11
0.52,0.37,0,1969,12,99/February,1969m12
0.2,0.19,0,1970,1,99/May,1970m1
-0.76,0.02,0,1970,2,99/May,1970m2
-0.45,-0.09,0,1970,3,99/May,1970m3
-0.23,-0.01,0,1970,4,99/May,1970m4
0.55,0.28,0,1970,5,99/May,1970m5
-0.29,0.37,0,1970,6,99/May,1970m6
-0.27,-0.04,0,1970,7,99/May,1970m7
-0.06,-0.31,0,1970,8,99/May,1970m8
-0.17,-0.04,0,1970,9,99/May,1970m9
-0.31,-0.06,0,1970,10,99/May,1970m10
-0.64,0.02,0,1970,11,99/May,1970m11
-0.43,-0.41,0,1970,12,99/May,1970m12
-0.37,-0.28,0,1971,1,99/August,1971m1
-0.71,-0.28,0,1971,2,99/August,1971m2
-0.45,0.13,0,1971,3,99/August,1971m3
0.45,0.04,0,1971,4,99/August,1971m4
0.36,0.28,0,1971,5,99/August,1971m5
0.56,0.11,0,1971,6,99/August,1971m6
0.71,0,0,1971,7,99/August,1971m7
-0.33,-0.05,0,1971,8,99/August,1971m8
-0.41,-0.15,0,1971,9,99/August,1971m9
-0.18,-0.05,0,1971,10,99/September,1971m10
-0.3,-0.13,0,1971,11,99/September,1971m11
-0.17,-0.01,0,1971,12,99/September,1971m12
-0.61,-0.06,0,1972,1,99/December,1972m1
-0.23,0.08,0,1972,2,99/December,1972m2
0.54,-0.03,0,1972,3,99/December,1972m3
0,0.06,0,1972,4,99/December,1972m4
-0.07,0,0,1972,5,99/December,1972m5
0.22,-0.07,0,1972,6,99/December,1972m6
0.19,-0.02,0,1972,7,99/December,1972m7
-0.05,-0.02,0,1972,8,99/December,1972m8
0.64,0.03,0,1972,9,99/December,1972m9
0.07,-0.01,0,1972,10,99/December,1972m10
0.06,-0.09,0,1972,11,99/December,1972m11
0.28,-0.04,0,1972,12,99/December,1972m12
0.25,0.07,0,1973,1,00/March,1973m1
0.25,0.07,0,1973,2,00/March,1973m2
0.49,0.07,0,1973,3,00/March,1973m3
0.24,-0.03,0,1973,4,00/March,1973m4
0.06,0.03,0,1973,5,00/March,1973m5
0.84,0.08,0,1973,6,00/March,1973m6
0.83,0.08,0,1973,7,00/March,1973m7
0.65,0.23,0,1973,8,00/March,1973m8
-0.19,-0.05,0,1973,9,00/March,1973m9
-1.32,-0.03,0,1973,10,00/March,1973m10
0.71,0.07,0,1973,11,00/March,1973m11
-0.5,0.01,0,1973,12,00/March,1973m12
0.39,0.15,0,1974,1,00/June,1974m1
-0.7,0.02,0,1974,2,00/June,1974m2
0.93,0.16,0,1974,3,00/June,1974m3
0.24,0.24,0,1974,4,00/June,1974m4
0.2,0.12,0,1974,5,00/June,1974m5
-0.28,0.1,0,1974,6,00/June,1974m6
-0.4,0.25,0,1974,7,00/June,1974m7
1,0.28,0,1974,8,00/June,1974m8
-0.38,0.24,0,1974,9,00/June,1974m9
-1.13,0.03,0,1974,10,00/June,1974m10
0.35,-0.38,0,1974,11,00/June,1974m11
-0.41,0,0,1974,12,00/June,1974m12
-0.69,-0.06,1,1975,1,00/September,1975m1
-0.9,-0.21,1,1975,2,00/September,1975m2
-0.04,0.05,1,1975,3,00/September,1975m3
0.14,0.28,1,1975,4,00/September,1975m4
-0.37,-0.05,1,1975,5,00/October,1975m5
-0.12,-0.13,1,1975,6,00/October,1975m6
0.97,0.07,1,1975,7,00/October,1975m7
0.29,0.11,1,1975,8,00/October,1975m8
-0.08,0,1,1975,9,00/October,1975m9
-0.3,-0.09,1,1975,10,00/October,1975m10
-0.61,-0.08,1,1975,11,00/October,1975m11
0.03,0.01,1,1975,12,00/October,1975m12
-0.54,-0.19,1,1976,1,01-Jan,1976m1
-0.11,-0.05,1,1976,2,01-Jan,1976m2
0.2,-0.03,1,1976,3,01-Jan,1976m3
-0.17,-0.12,1,1976,4,01-Jan,1976m4
0.31,0.18,1,1976,5,01-Jan,1976m5
0.26,0.04,1,1976,6,01-Jan,1976m6
-0.17,-0.06,1,1976,7,01-Jan,1976m7
-0.13,-0.11,1,1976,8,01-Jan,1976m8
-0.07,-0.07,1,1976,9,01-Jan,1976m9
-0.15,-0.06,1,1976,10,01-Jan,1976m10
-0.12,-0.07,1,1976,11,01-Jan,1976m11
-0.45,-0.27,1,1976,12,01-Jan,1976m12
0.24,-0.02,1,1977,1,01-Apr,1977m1
0.06,0.08,1,1977,2,01-Apr,1977m2
-0.05,0.06,1,1977,3,01-Apr,1977m3
-0.07,-0.06,1,1977,4,01-Apr,1977m4
0.4,0.01,1,1977,5,01-Apr,1977m5
0.06,-0.1,1,1977,6,01-Apr,1977m6
0.14,-0.01,1,1977,7,01-Apr,1977m7
0.36,0.04,1,1977,8,01-Apr,1977m8
0.27,-0.06,1,1977,9,01-Apr,1977m9
0.42,0.12,1,1977,10,01-Apr,1977m10
-0.03,0.04,1,1977,11,01-Apr,1977m11
-0.1,0.11,1,1977,12,01-Apr,1977m12
0.39,0.22,1,1978,1,01-Jul,1978m1
0.01,0.06,1,1978,2,01-Jul,1978m2
-0.14,0,1,1978,3,01-Jul,1978m3
-0.01,0.09,1,1978,4,01-Jul,1978m4
0.12,0.13,1,1978,5,01-Jul,1978m5
0.28,0.07,1,1978,6,01-Jul,1978m6
0.37,0.12,1,1978,7,01-Jul,1978m7
-0.04,-0.19,1,1978,8,01-Jul,1978m8
0.8,0,1,1978,9,01-Aug,1978m9
0.29,0.2,1,1978,10,01-Aug,1978m10
0.66,0.14,1,1978,11,01-Aug,1978m11
0.33,0.13,1,1978,12,01-Aug,1978m12
0.23,0.09,1,1979,1,01-Nov,1979m1
-0.08,0.01,1,1979,2,01-Nov,1979m2
0.19,0.11,1,1979,3,01-Nov,1979m3
0.03,0.01,1,1979,4,01-Nov,1979m4
0.09,0.12,1,1979,5,01-Nov,1979m5
-0.53,-0.21,1,1979,6,01-Nov,1979m6
0.22,-0.09,1,1979,7,01-Nov,1979m7
0.18,0.03,1,1979,8,01-Nov,1979m8
0.73,0.21,1,1979,9,01-Nov,1979m9
1.29,0.69,1,1979,10,01-Nov,1979m10
0.4,0.63,1,1979,11,01-Nov,1979m11
0.2,-0.02,1,1979,12,01-Nov,1979m12
-0.03,0.35,1,1980,1,02-Feb,1980m1
0.78,1.29,1,1980,2,02-Feb,1980m2
2.71,0.58,1,1980,3,02-Feb,1980m3
-1.53,-0.92,1,1980,4,02-Feb,1980m4
-4.85,-1.05,1,1980,5,02-Feb,1980m5
-2.15,-0.41,1,1980,6,02-Feb,1980m6
1.13,0.49,1,1980,7,02-Feb,1980m7
1.13,0.57,1,1980,8,02-Feb,1980m8
1.06,0.38,1,1980,9,02-Feb,1980m9
1.26,0.29,1,1980,10,02-Feb,1980m10
2.31,0.66,1,1980,11,02-Feb,1980m11
1.77,0.24,1,1980,12,02-Feb,1980m12
-0.93,-0.4,1,1981,1,02-May,1981m1
0.18,0.54,1,1981,2,02-May,1981m2
-1.43,-0.02,1,1981,3,02-May,1981m3
0.15,0.55,1,1981,4,02-May,1981m4
2.66,0.44,1,1981,5,02-May,1981m5
-1.73,-0.57,1,1981,6,02-May,1981m6
0.14,0.63,1,1981,7,02-May,1981m7
0.91,0.51,1,1981,8,02-May,1981m8
-0.66,0.6,1,1981,9,02-May,1981m9
-1.08,-0.09,1,1981,10,02-May,1981m10
-2.6,-1.18,1,1981,11,02-May,1981m11
-0.34,0.01,1,1981,12,02-May,1981m12
1.48,0.95,1,1982,1,02-Aug,1982m1
1.37,0.09,1,1982,2,02-Aug,1982m2
-1.29,-0.69,1,1982,3,02-Aug,1982m3
0.33,-0.12,1,1982,4,02-Aug,1982m4
-0.67,-0.2,1,1982,5,02-Sep,1982m5
-0.04,0.55,1,1982,6,02-Sep,1982m6
-0.19,-0.2,1,1982,7,02-Sep,1982m7
-2.91,-0.9,1,1982,8,02-Sep,1982m8
-0.81,-0.77,1,1982,9,02-Sep,1982m9
-0.45,-0.82,1,1982,10,02-Sep,1982m10
0.29,-0.44,1,1982,11,02-Sep,1982m11
-0.02,0.15,1,1982,12,02-Sep,1982m12
-0.21,-0.04,1,1983,1,02-Dec,1983m1
0.32,0.22,1,1983,2,02-Dec,1983m2
0.17,-0.28,1,1983,3,02-Dec,1983m3
-0.05,-0.22,1,1983,4,02-Dec,1983m4
-0.06,-0.05,1,1983,5,02-Dec,1983m5
0.63,0.28,1,1983,6,02-Dec,1983m6
0.3,0.41,1,1983,7,02-Dec,1983m7
0.27,0.36,1,1983,8,02-Dec,1983m8
-0.34,-0.14,1,1983,9,02-Dec,1983m9
-0.34,-0.12,1,1983,10,02-Dec,1983m10
0,0.16,1,1983,11,02-Dec,1983m11
0.25,0.16,1,1983,12,02-Dec,1983m12
-0.03,-0.37,1,1984,1,03-Mar,1984m1
0.1,-0.12,1,1984,2,03-Mar,1984m2
0.05,0.49,1,1984,3,03-Mar,1984m3
0.61,0.24,1,1984,4,03-Mar,1984m4
0.21,0.47,1,1984,5,03-Mar,1984m5
0.04,0.27,1,1984,6,03-Mar,1984m6
0.19,-0.11,1,1984,7,03-Mar,1984m7
0.36,-0.57,1,1984,8,03-Mar,1984m8
-0.08,-0.21,1,1984,9,03-Mar,1984m9
-0.44,-0.03,1,1984,10,03-Mar,1984m10
-1.18,-0.34,1,1984,11,03-Mar,1984m11
-0.63,-0.16,1,1984,12,03-Mar,1984m12
-0.4,-0.05,1,1985,1,03-Jun,1985m1
0.41,0.05,1,1985,2,03-Jun,1985m2
0.4,0.43,1,1985,3,03-Jun,1985m3
-0.57,-0.33,1,1985,4,03-Jun,1985m4
-0.44,-0.51,1,1985,5,03-Jun,1985m5
-0.55,-0.78,1,1985,6,03-Jun,1985m6
0.04,0.03,1,1985,7,03-Jun,1985m7
0.13,0.08,1,1985,8,03-Jul,1985m8
-0.1,0.02,1,1985,9,03-Jul,1985m9
0.09,-0.05,1,1985,10,03-Jul,1985m10
0.03,-0.47,1,1985,11,03-Jul,1985m11
-0.13,-0.39,1,1985,12,03-Jul,1985m12
-0.03,-0.11,1,1986,1,03-Oct,1986m1
-0.01,-0.38,1,1986,2,03-Oct,1986m2
-0.44,-0.67,1,1986,3,03-Oct,1986m3
-0.53,-0.21,1,1986,4,03-Oct,1986m4
0.06,0.3,1,1986,5,03-Oct,1986m5
0.09,0.04,1,1986,6,03-Oct,1986m6
-0.37,-0.25,1,1986,7,03-Oct,1986m7
-0.27,-0.16,1,1986,8,03-Oct,1986m8
-0.38,0.17,1,1986,9,03-Oct,1986m9
-0.01,-0.03,1,1986,10,03-Oct,1986m10
0.17,-0.18,1,1986,11,03-Oct,1986m11
0.14,-0.19,1,1986,12,03-Oct,1986m12
-0.04,-0.13,1,1987,1,04-Jan,1987m1
0.14,0.02,1,1987,2,04-Jan,1987m2
-0.03,-0.02,1,1987,3,04-Jan,1987m3
0.2,0.49,1,1987,4,04-Jan,1987m4
-0.01,0.48,1,1987,5,04-Jan,1987m5
-0.06,-0.01,1,1987,6,04-Jan,1987m6
0.09,0.1,1,1987,7,04-Jan,1987m7
0.22,0.25,1,1987,8,04-Jan,1987m8
0.32,0.51,1,1987,9,04-Jan,1987m9
0.08,0.34,1,1987,10,04-Jan,1987m10
-0.59,-0.51,1,1987,11,04-Jan,1987m11
-0.01,0.1,1,1987,12,04-Jan,1987m12
0.1,-0.23,1,1988,1,04-Apr,1988m1
-0.21,-0.48,1,1988,2,04-Apr,1988m2
0,-0.01,1,1988,3,04-Apr,1988m3
0.23,0.28,1,1988,4,04-Apr,1988m4
0.35,0.23,1,1988,5,04-Apr,1988m5
0.23,-0.04,1,1988,6,04-Apr,1988m6
0.23,0.1,1,1988,7,04-Apr,1988m7
0.29,0.15,1,1988,8,04-Apr,1988m8
0.21,-0.29,1,1988,9,04-Apr,1988m9
0.11,-0.31,1,1988,10,04-Apr,1988m10
0.34,-0.06,1,1988,11,04-Apr,1988m11
0.41,0.12,1,1988,12,04-Apr,1988m12
0.2,0.05,1,1989,1,04-Jul,1989m1
0.19,0.02,1,1989,2,04-Jul,1989m2
0.35,0.16,1,1989,3,04-Jul,1989m3
-0.13,-0.01,1,1989,4,04-Jul,1989m4
-0.3,-0.22,1,1989,5,04-Aug,1989m5
-0.18,-0.47,1,1989,6,04-Aug,1989m6
-0.3,-0.17,1,1989,7,04-Aug,1989m7
-0.01,0.03,1,1989,8,04-Aug,1989m8
-0.19,0.05,1,1989,9,04-Aug,1989m9
-0.09,-0.09,1,1989,10,04-Aug,1989m10
0.02,-0.03,1,1989,11,04-Aug,1989m11
-0.01,-0.03,1,1989,12,04-Aug,1989m12
0,0.13,1,1990,1,04-Nov,1990m1
0.12,0.23,1,1990,2,04-Nov,1990m2
0.11,0.15,1,1990,3,04-Nov,1990m3
-0.09,0.09,1,1990,4,04-Nov,1990m4
0,0.01,1,1990,5,04-Nov,1990m5
-0.04,-0.21,1,1990,6,04-Nov,1990m6
-0.08,-0.02,1,1990,7,04-Nov,1990m7
-0.22,0.17,1,1990,8,04-Nov,1990m8
-0.06,0.15,1,1990,9,04-Nov,1990m9
-0.19,-0.03,1,1990,10,04-Nov,1990m10
-0.12,-0.23,1,1990,11,04-Nov,1990m11
-0.26,-0.25,1,1990,12,04-Nov,1990m12
-0.51,-0.01,1,1991,1,05-Feb,1991m1
-0.35,-0.21,1,1991,2,05-Feb,1991m2
-0.04,0.1,1,1991,3,05-Feb,1991m3
-0.24,-0.07,1,1991,4,05-Feb,1991m4
-0.16,0,1,1991,5,05-Feb,1991m5
0.09,0.15,1,1991,6,05-Feb,1991m6
-0.02,-0.01,1,1991,7,05-Feb,1991m7
-0.19,-0.25,1,1991,8,05-Feb,1991m8
-0.14,-0.14,1,1991,9,05-Feb,1991m9
-0.22,-0.06,1,1991,10,05-Feb,1991m10
-0.43,-0.07,1,1991,11,05-Feb,1991m11
-0.48,-0.17,1,1991,12,05-Feb,1991m12
-0.28,-0.11,1,1992,1,05-May,1992m1
0,0.09,1,1992,2,05-May,1992m2
0.21,0.06,1,1992,3,05-May,1992m3
-0.24,-0.02,1,1992,4,05-May,1992m4
-0.15,-0.05,1,1992,5,05-May,1992m5
0.04,-0.06,1,1992,6,05-May,1992m6
-0.42,-0.15,1,1992,7,05-May,1992m7
-0.14,-0.12,1,1992,8,05-May,1992m8
-0.17,-0.03,1,1992,9,05-Jun,1992m9
-0.13,0.07,1,1992,10,05-Jun,1992m10
0.3,0.11,1,1992,11,05-Jun,1992m11
0.11,-0.12,1,1992,12,05-Jun,1992m12
-0.19,-0.07,1,1993,1,05-Sep,1993m1
-0.11,-0.2,1,1993,2,05-Sep,1993m2
0.02,-0.13,1,1993,3,05-Sep,1993m3
-0.08,-0.12,1,1993,4,05-Sep,1993m4
0.07,-0.03,1,1993,5,05-Sep,1993m5
0.14,-0.1,1,1993,6,05-Sep,1993m6
-0.05,-0.16,1,1993,7,05-Sep,1993m7
0,-0.32,1,1993,8,05-Sep,1993m8
-0.09,-0.19,1,1993,9,05-Sep,1993m9
0.08,0.01,1,1993,10,05-Sep,1993m10
0.08,0.26,1,1993,11,05-Sep,1993m11
-0.04,0,1,1993,12,05-Sep,1993m12
-0.06,-0.01,1,1994,1,05-Dec,1994m1
0.19,0.16,1,1994,2,05-Dec,1994m2
0.31,0.4,1,1994,3,05-Dec,1994m3
0.22,0.4,1,1994,4,05-Dec,1994m4
0.45,0.11,1,1994,5,05-Dec,1994m5
-0.01,-0.02,1,1994,6,05-Dec,1994m6
0.21,0.14,1,1994,7,05-Dec,1994m7
0.11,-0.04,1,1994,8,05-Dec,1994m8
0.14,0.27,1,1994,9,05-Dec,1994m9
0.32,0.23,1,1994,10,05-Dec,1994m10
0.29,0.11,1,1994,11,05-Dec,1994m11
0.39,-0.22,1,1994,12,05-Dec,1994m12
0.17,0,1,1995,1,06-Mar,1995m1
-0.01,-0.2,1,1995,2,06-Mar,1995m2
-0.07,-0.14,1,1995,3,06-Mar,1995m3
-0.06,-0.09,1,1995,4,06-Mar,1995m4
0.03,-0.38,1,1995,5,06-Mar,1995m5
-0.2,-0.35,1,1995,6,06-Mar,1995m6
-0.03,0.11,1,1995,7,06-Mar,1995m7
-0.06,0.16,1,1995,8,06-Mar,1995m8
-0.15,-0.25,1,1995,9,06-Mar,1995m9
0.04,-0.2,1,1995,10,06-Mar,1995m10
0.05,-0.1,1,1995,11,06-Mar,1995m11
-0.19,-0.2,1,1995,12,06-Mar,1995m12
-0.14,-0.01,1,1996,1,06-Jun,1996m1
-0.15,0.18,1,1996,2,06-Jun,1996m2
0.09,0.36,1,1996,3,06-Jun,1996m3
0.03,0.15,1,1996,4,06-Jul,1996m4
0.03,0.12,1,1996,5,06-Jul,1996m5
0.09,0.09,1,1996,6,06-Jul,1996m6
0.06,-0.06,1,1996,7,06-Jul,1996m7
-0.08,-0.19,1,1996,8,06-Jul,1996m8
0.06,0.2,1,1996,9,06-Jul,1996m9
-0.14,-0.27,1,1996,10,06-Jul,1996m10
0.02,-0.29,1,1996,11,06-Jul,1996m11
-0.16,0.1,1,1996,12,06-Jul,1996m12
0.18,0.22,1,1997,1,06-Oct,1997m1
-0.05,-0.11,1,1997,2,06-Oct,1997m2
0.14,0.24,1,1997,3,06-Oct,1997m3
0.03,0.18,1,1997,4,06-Oct,1997m4
-0.04,-0.15,1,1997,5,06-Oct,1997m5
-0.21,-0.17,1,1997,6,06-Oct,1997m6
0.15,-0.27,1,1997,7,06-Oct,1997m7
0.06,0.08,1,1997,8,06-Oct,1997m8
-0.16,-0.07,1,1997,9,06-Oct,1997m9
-0.02,-0.15,1,1997,10,06-Oct,1997m10
0.2,-0.13,1,1997,11,06-Oct,1997m11
0.01,-0.11,1,1997,12,06-Oct,1997m12
-0.07,-0.15,1,1998,1,07-Jan,1998m1
0.02,0.06,1,1998,2,07-Jan,1998m2
-0.08,0.05,1,1998,3,07-Jan,1998m3
-0.03,-0.03,1,1998,4,07-Jan,1998m4
0.03,0,1,1998,5,07-Jan,1998m5
-0.04,-0.16,1,1998,6,07-Jan,1998m6
-0.03,0.02,1,1998,7,07-Jan,1998m7
-0.02,-0.03,1,1998,8,07-Jan,1998m8
-0.2,-0.12,1,1998,9,07-Jan,1998m9
-0.66,-0.03,1,1998,10,07-Jan,1998m10
0.36,0.04,1,1998,11,07-Jan,1998m11
-0.02,-0.19,1,1998,12,07-Jan,1998m12
-0.08,0.02,1,1999,1,07-Apr,1999m1
0.11,0.16,1,1999,2,07-Apr,1999m2
0.03,0.22,1,1999,3,07-Apr,1999m3
-0.2,0.02,1,1999,4,07-Apr,1999m4
0.23,0.29,1,1999,5,07-Apr,1999m5
0.08,0.3,1,1999,6,07-Apr,1999m6
0.01,-0.04,1,1999,7,07-Apr,1999m7
0.16,0.21,1,1999,8,07-May,1999m8
-0.03,-0.01,1,1999,9,07-May,1999m9
0.15,0.16,1,1999,10,07-May,1999m10
0.19,-0.19,1,1999,11,07-May,1999m11
0.16,0.19,1,1999,12,07-May,1999m12
