year,month,prccem,ipcem,prcpet,rresc,rnonc,ip,rdefs,milemp,gprc,gcem,gprcpet,gres,gnon,gip,gdefs,gmilemp,jan,feb,mar,apr,may,jun,jul,aug,sep,oct,nov,dec
1964,1,,0.47425,13.4,115401,142180,44.6,,2687,,,,,,,,,1,0,0,0,0,0,0,0,0,0,0,0
1964,2,,0.53123,13.4,115118,144190,45.9,1.6634,2696,,0.1134604,0,-0.0024553,0.014038,0.0287313,,0.0033439,0,1,0,0,0,0,0,0,0,0,0,0
1964,3,,0.64255,13.4,123663,145577,46.2,1.6626,2693,,0.1902496,0,0.0716024,0.0095733,0.0065147,-0.0004811,-0.0011134,0,0,1,0,0,0,0,0,0,0,0,0
1964,4,,0.82585,13.4,116178,150793,46.9,1.6626,2694,,0.2509685,0,-0.0624366,0.0352029,0.0150379,0,0.0003713,0,0,0,1,0,0,0,0,0,0,0,0
1964,5,,1.0272,13.4,111034,149259,47.1,1.661,2690,,0.2181787,0,-0.045287,-0.010225,0.0042553,-0.0009628,-0.0014859,0,0,0,0,1,0,0,0,0,0,0,0
1964,6,,1.0986,13.4,109138,154347,47.9,1.6601,2687,,0.0672,0,-0.0172233,0.0335203,0.0168426,-0.000542,-0.0011159,0,0,0,0,0,1,0,0,0,0,0,0
1964,7,,1.1071,13.4,110492,155871,45.1,1.6601,2696,,0.0077073,0,0.01233,0.0098254,-0.0602333,0,0.0033439,0,0,0,0,0,0,1,0,0,0,0,0
1964,8,,1.1434,13.4,111540,154130,46.8,1.6582,2693,,0.0322622,0,0.0094402,-0.0112323,0.037001,-0.0011451,-0.0011134,0,0,0,0,0,0,0,1,0,0,0,0
1964,9,,1.0772,13.4,108353,155359,48.7,1.6567,2690,,-0.0596411,0,-0.0289889,0.0079422,0.0397959,-0.000905,-0.0011146,0,0,0,0,0,0,0,0,1,0,0,0
1964,10,,1.1332,13.4,108173,155020,48.3,1.6567,2680,,0.0506804,0,-0.0016626,-0.0021844,-0.0082475,0,-0.0037244,0,0,0,0,0,0,0,0,0,1,0,0
1964,11,,0.82481,13.4,109273,153501,48.6,1.6537,2678,,-0.3176477,0,0.0101175,-0.0098471,0.006192,-0.0018125,-0.0007465,0,0,0,0,0,0,0,0,0,0,1,0
1964,12,287,0.54381,13.4,108518,157225,48,1.6523,2663,,-0.4165531,0,-0.0069333,0.0239708,-0.0124225,-0.0008469,-0.0056169,0,0,0,0,0,0,0,0,0,0,0,1
1965,1,287,0.51136,13.4,106624,154831,48.8,1.6523,2663,0,-0.0615261,0,-0.0176074,-0.0153437,0.0165293,0,0,1,0,0,0,0,0,0,0,0,0,0,0
1965,2,287,0.4964,13.4,107148,157097,50.1,1.6496,2652,0,-0.0296918,0,0.0049024,0.0145292,0.0262907,-0.0016354,-0.0041392,0,1,0,0,0,0,0,0,0,0,0,0
1965,3,287,0.61759,13.4,113296,160364,51.1,1.6507,2647,0,0.2184428,0,0.0557928,0.0205828,0.0197635,0.0006666,-0.0018871,0,0,1,0,0,0,0,0,0,0,0,0
1965,4,287,0.85605,13.4,108314,162379,51.1,1.6507,2645,0,0.326504,0,-0.0449694,0.0124869,0,0,-0.0007559,0,0,0,1,0,0,0,0,0,0,0,0
1965,5,287,1.0033,13.4,105639,166701,51.5,1.6529,2641,0,0.158721,0,-0.0250068,0.0262687,0.0077973,0.0013319,-0.0015134,0,0,0,0,1,0,0,0,0,0,0,0
1965,6,287,1.1187,13.4,104673,170144,52.8,1.6535,2655,0,0.1088728,0,-0.0091864,0.0204433,0.0249294,0.0003629,0.005287,0,0,0,0,0,1,0,0,0,0,0,0
1965,7,287,1.0987,13.4,108056,168181,49.9,1.6535,2669,0,-0.0180396,0,0.0318084,-0.0116044,-0.0564901,0,0.0052592,0,0,0,0,0,0,1,0,0,0,0,0
1965,8,287,1.1772,13.4,110249,172113,51.4,1.6547,2686,0,0.069011,0,0.0200918,0.0231105,0.0296172,0.0007255,0.0063492,0,0,0,0,0,0,0,1,0,0,0,0
1965,9,287,1.0713,13.4,107759,174869,53.2,1.6579,2724,0,-0.0942658,0,-0.0228442,0.0158859,0.0344202,0.001932,0.0140483,0,0,0,0,0,0,0,0,1,0,0,0
1965,10,287,1.1491,13.4,106672,175817,54.4,1.6579,2761,0,0.0701061,0,-0.0101385,0.0054066,0.0223058,0,0.0134915,0,0,0,0,0,0,0,0,0,1,0,0
1965,11,287,0.89767,13.4,105249,177637,53.5,1.6642,2803,0,-0.2469318,0,-0.0134297,0.0102985,-0.0166825,0.0037928,0.0150973,0,0,0,0,0,0,0,0,0,0,1,0
1965,12,287,0.68832,13.4,104529,179536,52.6,1.6656,2857,0,-0.2655487,0,-0.0068644,0.0106336,-0.0169656,0.0008409,0.0190819,0,0,0,0,0,0,0,0,0,0,0,1
1966,1,288,0.50512,13.4,107228,176519,53.4,1.6656,2902,0.0034783,-0.3094578,0,0.0254929,-0.0169472,0.0150947,0,0.015628,1,0,0,0,0,0,0,0,0,0,0,0
1966,2,288,0.52882,13.4,109346,178945,54.9,1.6686,2937,0,0.0458521,0,0.0195598,0.01365,0.0277026,0.0017995,0.0119885,0,1,0,0,0,0,0,0,0,0,0,0
1966,3,288,0.78866,13.4,115215,183868,56,1.6718,2969,0,0.3996872,0,0.0522828,0.0271396,0.0198383,0.001916,0.0108365,0,0,1,0,0,0,0,0,0,0,0,0
1966,4,288,0.90032,13.4,104777,180062,55.9,1.6718,3004,0,0.132415,0,-0.0949657,-0.0209169,-0.0017873,0,0.0117195,0,0,0,1,0,0,0,0,0,0,0,0
1966,5,288,1.0085,13.4,96495,174264,56.3,1.6782,3056,0,0.1134691,0,-0.0823431,-0.0327298,0.0071301,0.0038209,0.0171621,0,0,0,0,1,0,0,0,0,0,0,0
1966,6,288,1.191,13.5,91832,177226,57.6,1.6811,3094,0,0.1663292,0.007435,-0.0495304,0.0168544,0.022828,0.0017266,0.0123579,0,0,0,0,0,1,0,0,0,0,0,0
1966,7,288,1.1061,13.5,98110,176798,54,1.6811,3136,0,-0.073953,0,0.0661285,-0.0024179,-0.0645385,0,0.0134834,0,0,0,0,0,0,1,0,0,0,0,0
1966,8,288,1.1832,13.5,100244,179945,55.9,1.6869,3184,0,0.0673824,0,0.0215179,0.0176434,0.0345804,0.0034442,0.0151902,0,0,0,0,0,0,0,1,0,0,0,0
1966,9,288,1.104,13.5,97820,182479,58.5,1.6888,3229,0,-0.0692827,0,-0.0244782,0.0139838,0.0454623,0.0011257,0.0140342,0,0,0,0,0,0,0,0,1,0,0,0
1966,10,288,1.1196,13.6,90785,177965,59.2,1.6888,3287,0,0.0140316,0.0073801,-0.074635,-0.0250482,0.0118948,0,0.0178028,0,0,0,0,0,0,0,0,0,1,0,0
1966,11,288,0.83355,13.6,86160,180413,57.6,1.6927,3326,0,-0.2950332,0,-0.052288,0.0136618,-0.027399,0.0023067,0.0117951,0,0,0,0,0,0,0,0,0,0,1,0
1966,12,288,0.58855,13.6,81495,180095,56.1,1.6965,3334,0,-0.3480318,0,-0.0556644,-0.0017642,-0.0263868,0.0022424,0.0024024,0,0,0,0,0,0,0,0,0,0,0,1
1967,1,295,0.55339,13.6,80798,185057,56.5,1.6965,3357,0.0240149,-0.0615988,0,-0.0085895,0.0271794,0.0071049,0,0.0068749,1,0,0,0,0,0,0,0,0,0,0,0
1967,2,293,0.55819,13.6,81178,184019,57.1,1.7039,3368,-0.0068027,0.0086363,0,0.0046921,-0.0056249,0.0105635,0.0043525,0.0032714,0,1,0,0,0,0,0,0,0,0,0,0
1967,3,293,0.61089,13.6,88422,180132,57,1.7045,3371,0,0.0902175,0,0.0854765,-0.0213491,-0.0017528,0.0003521,0.0008903,0,0,1,0,0,0,0,0,0,0,0,0
1967,4,293,0.85102,13.6,90230,178427,57.3,1.7045,3371,0,0.3315187,0,0.0202412,-0.0095104,0.0052493,0,0,0,0,0,1,0,0,0,0,0,0,0,0
1967,5,292,0.953,13.6,92009,178953,56.8,1.7055,3368,-0.0034188,0.1131793,0,0.0195244,0.0029436,-0.0087643,0.0005865,-0.0008903,0,0,0,0,1,0,0,0,0,0,0,0
1967,6,292,1.0825,13.6,94516,176596,58.1,1.7063,3377,0,0.1274135,0,0.0268827,-0.0132586,0.0226293,0.000469,0.0026686,0,0,0,0,0,1,0,0,0,0,0,0
1967,7,292,1.0944,13.6,95044,177216,54.3,1.7063,3382,0,0.0109331,0,0.0055708,0.0035047,-0.0676414,0,0.0014795,0,0,0,0,0,0,1,0,0,0,0,0
1967,8,292,1.2235,13.7,96205,176091,57.3,1.7081,3393,0,0.1115093,0.007326,0.0121414,-0.0063684,0.0537764,0.0010543,0.0032472,0,0,0,0,0,0,0,1,0,0,0,0
1967,9,292,1.1417,13.7,94850,178420,58.9,1.7076,3412,0,-0.0691972,0,-0.0141846,0.0131394,0.0275405,-0.0002927,0.0055841,0,0,0,0,0,0,0,0,1,0,0,0
1967,10,292,1.1422,13.7,100435,177279,59.3,1.7076,3416,0,0.0004378,0,0.0572141,-0.0064156,0.0067682,0,0.0011716,0,0,0,0,0,0,0,0,0,1,0,0
1967,11,292,0.87391,13.7,105109,178308,59.1,1.7067,3412,0,-0.2677341,0,0.0454872,0.0057876,-0.0033784,-0.0005272,-0.0011716,0,0,0,0,0,0,0,0,0,0,1,0
1967,12,292,0.62131,13.7,106125,180103,58.1,1.7081,3398,0,-0.3411473,0,0.0096197,0.0100165,-0.0170653,0.00082,-0.0041116,0,0,0,0,0,0,0,0,0,0,0,1
1968,1,297,0.47054,13.7,101388,180926,58.2,1.7081,3427,0.0169783,-0.2779492,0,-0.0456629,0.0045592,0.0017197,0,0.0084982,1,0,0,0,0,0,0,0,0,0,0,0
1968,2,300,0.60198,13.7,98943,183833,59.7,1.7107,3440,0.0100503,0.2463432,0,-0.0244108,0.0159396,0.0254467,0.001521,0.0037862,0,1,0,0,0,0,0,0,0,0,0,0
1968,3,300,0.76337,13.7,108069,181378,60.2,1.7114,3467,0,0.2375186,0,0.088226,-0.0134445,0.0083403,0.0004091,0.0078182,0,0,1,0,0,0,0,0,0,0,0,0
1968,4,300,0.98302,13.7,107279,183703,59.9,1.7114,3494,0,0.2528867,0,-0.007337,0.0127371,-0.0049958,0,0.0077575,0,0,0,1,0,0,0,0,0,0,0,0
1968,5,300,1.025,13.7,105965,184941,60.8,1.7129,3518,0,0.0418184,0,-0.0123241,0.0067165,0.0149132,0.0008761,0.0068454,0,0,0,0,1,0,0,0,0,0,0,0
1968,6,300,1.1232,13.7,103983,179868,62.4,1.7112,3547,0,0.0914892,0,-0.0188814,-0.0278136,0.0259755,-0.000993,0.0082095,0,0,0,0,0,1,0,0,0,0,0,0
1968,7,300,1.1448,13.8,107000,177971,58.4,1.7112,3545,0,0.0190481,0.0072728,0.0286014,-0.0106026,-0.0662494,0,-0.000564,0,0,0,0,0,0,1,0,0,0,0,0
1968,8,300,1.2337,13.8,108962,181390,60.1,1.7079,3526,0,0.0747879,0,0.0181704,0.0190288,0.0286939,-0.0019303,-0.0053741,0,0,0,0,0,0,0,1,0,0,0,0
1968,9,300,1.1875,13.8,109101,185263,62.5,1.7079,3490,0,-0.0381676,0,0.0012749,0.021127,0.0391567,0,-0.0102623,0,0,0,0,0,0,0,0,1,0,0,0
1968,10,300,1.2434,13.8,108467,187246,62.8,1.7079,3454,0,0.0459993,0,-0.0058281,0.0106468,0.0047885,0,-0.0103688,0,0,0,0,0,0,0,0,0,1,0,0
1968,11,300,0.9027,13.8,107202,187406,62.5,1.7078,3433,0,-0.3202145,0,-0.0117311,0.0008541,-0.0047885,-0.0000586,-0.0060985,0,0,0,0,0,0,0,0,0,0,1,0
1968,12,300,0.64988,13.8,105181,179591,60.7,1.7059,3408,0,-0.3286026,0,-0.0190322,-0.0425953,-0.0292228,-0.0011132,-0.0073089,0,0,0,0,0,0,0,0,0,0,0,1
1969,1,309,0.52324,13.8,108352,184421,61.3,1.7059,3418,0.0295588,-0.2167475,0,0.0297025,0.0265391,0.0098361,0,0.00293,1,0,0,0,0,0,0,0,0,0,0,0
1969,2,309,0.62604,13.8,110668,178650,63.1,1.7022,3432,0,0.179374,0,0.0211495,-0.0317926,0.0289409,-0.0021712,0.0040876,0,1,0,0,0,0,0,0,0,0,0,0
1969,3,309,0.76132,14.3,115177,183043,63.9,1.7023,3452,0,0.1956395,0.0355909,0.0399353,0.0242925,0.0125986,0.0000587,0.0058106,0,0,1,0,0,0,0,0,0,0,0,0
1969,4,309,0.98932,14.5,113594,183954,63.3,1.7023,3465,0,0.2619641,0.0138891,-0.0138394,0.0049646,-0.0094341,0,0.0037589,0,0,0,1,0,0,0,0,0,0,0,0
1969,5,309,1.0985,14.5,111637,184324,63.2,1.7025,3459,0,0.1046831,0,-0.0173782,0.0020094,-0.001581,0.0001175,-0.0017331,0,0,0,0,1,0,0,0,0,0,0,0
1969,6,309,1.2114,14.5,111096,183913,65.2,1.7017,3460,0,0.0978311,0,-0.0048578,-0.0022323,0.0311551,-0.00047,0.0002891,0,0,0,0,0,1,0,0,0,0,0,0
1969,7,309,1.1545,14.5,111343,185458,61.3,1.7017,3458,0,-0.0481094,0,0.0022208,0.0083656,-0.0616796,0,-0.0005782,0,0,0,0,0,0,1,0,0,0,0,0
1969,8,309,1.2536,14.5,112101,181624,63.8,1.7002,3459,0,0.0823521,0,0.0067847,-0.0208898,0.0399733,-0.0008819,0.0002891,0,0,0,0,0,0,0,1,0,0,0,0
1969,9,309,1.2303,14.5,110235,187158,65.7,1.6996,3449,0,-0.0187614,0,-0.0167858,0.0300146,0.0293457,-0.000353,-0.0028952,0,0,0,0,0,0,0,0,1,0,0,0
1969,10,309,1.1948,14.5,105135,179759,65.7,1.6996,3387,0,-0.0292792,0,-0.0473692,-0.0403361,0,0,-0.0181398,0,0,0,0,0,0,0,0,0,1,0,0
1969,11,309,0.98034,14.5,101329,179566,63.8,1.6985,3351,0,-0.1978346,0,-0.0368726,-0.0010742,-0.0293457,-0.0006474,-0.0106858,0,0,0,0,0,0,0,0,0,0,1,0
1969,12,309,0.69093,14.5,97137,175159,61.6,1.6955,3298,0,-0.3498609,0,-0.0422503,-0.0248487,-0.0350913,-0.0017678,-0.0159426,0,0,0,0,0,0,0,0,0,0,0,1
1970,1,323,0.47705,14.5,98527,173603,60.7,1.6955,3255,0.044311,-0.3704172,0,0.0142083,-0.0089231,-0.0147181,0,-0.0131239,1,0,0,0,0,0,0,0,0,0,0,0
1970,2,323,0.62926,14.5,102163,174343,62.2,1.6897,3220,0,0.2769232,0,0.036239,0.0042535,0.0244113,-0.0034267,-0.0108109,0,1,0,0,0,0,0,0,0,0,0,0
1970,3,323,0.73452,14.5,106289,176258,62.4,1.6866,3173,0,0.1546727,0,0.0395922,0.0109242,0.0032103,-0.0018364,-0.0147038,0,0,1,0,0,0,0,0,0,0,0,0
1970,4,323,0.93977,14.5,99428,172371,61.9,1.6866,3116,0,0.2464179,0,-0.066728,-0.0222997,-0.0080451,0,-0.0181274,0,0,0,1,0,0,0,0,0,0,0,0
1970,5,324,1.0611,14.5,95727,173051,62,1.6803,3084,0.0030912,0.1214262,0,-0.0379334,0.0039372,0.0016142,-0.0037423,-0.0103227,0,0,0,0,1,0,0,0,0,0,0,0
1970,6,324,1.1336,14.5,92394,175316,63.2,1.6794,3066,0,0.0660923,0,-0.0354383,0.0130037,0.0191699,-0.0005358,-0.0058537,0,0,0,0,0,1,0,0,0,0,0,0
1970,7,324,1.1553,14.3,97457,178430,59.5,1.6794,3045,0,0.0189617,-0.0138891,0.0533492,0.0176063,-0.060328,0,-0.0068729,0,0,0,0,0,0,1,0,0,0,0,0
1970,8,324,1.214,14.3,101219,178090,61.5,1.6776,3020,0,0.0495606,0,0.0378752,-0.0019073,0.0330609,-0.0010724,-0.0082441,0,0,0,0,0,0,0,1,0,0,0,0
1970,9,324,1.0896,14.3,102434,175405,62.9,1.6767,2984,0,-0.1081101,0,0.0119322,-0.0151915,0.022509,-0.0005366,-0.0119921,0,0,0,0,0,0,0,0,1,0,0,0
1970,10,324,1.0947,14.3,107156,172690,61.4,1.6767,2946,0,0.0046697,0,0.045067,-0.0155995,-0.0241363,0,-0.0128164,0,0,0,0,0,0,0,0,0,1,0,0
1970,11,324,0.88968,14.3,111889,175378,59.8,1.6748,2917,0,-0.2073737,0,0.0432216,0.0154456,-0.0264042,-0.0011338,-0.0098926,0,0,0,0,0,0,0,0,0,0,1,0
1970,12,324,0.60883,15.4,115276,178084,59.2,1.6723,2874,0,-0.3793228,0.0741079,0.0298219,0.0153117,-0.0100841,-0.0014939,-0.0148509,0,0,0,0,0,0,0,0,0,0,0,1
1971,1,340,0.50405,15.6,116071,174541,60,1.6723,2861,0.0482021,-0.1888635,0.0129035,0.0068728,-0.0200957,0.013423,0,-0.0045336,1,0,0,0,0,0,0,0,0,0,0,0
1971,2,343,0.60452,15.6,114012,173494,61.5,1.6675,2840,0.0087848,0.1817593,0,-0.0178984,-0.0060167,0.0246926,-0.0028744,-0.0073672,0,1,0,0,0,0,0,0,0,0,0,0
1971,3,361,0.77598,15.6,119482,173273,61.6,1.6652,2802,0.0511475,0.2496919,0,0.046862,-0.0012746,0.0016247,-0.0013803,-0.0134706,0,0,1,0,0,0,0,0,0,0,0,0
1971,4,361,1.0332,15.6,125515,175802,61.7,1.6652,2770,0,0.2862893,0,0.0492595,0.01449,0.0016221,0,-0.0114861,0,0,0,1,0,0,0,0,0,0,0,0
1971,5,361,1.1015,15.6,130076,173139,62.2,1.6606,2737,0,0.0640121,0,0.0356936,-0.0152636,0.0080711,-0.0027663,-0.0119849,0,0,0,0,1,0,0,0,0,0,0,0
1971,6,361,1.2606,15.6,132080,172172,63.8,1.659,2715,0,0.1349149,0,0.0152889,-0.0056008,0.0253982,-0.0009639,-0.0080705,0,0,0,0,0,1,0,0,0,0,0,0
1971,7,371,1.1807,15.6,133982,176340,59.7,1.659,2685,0.0273241,-0.0654803,0,0.0142977,0.02392,-0.0664211,0,-0.0111112,0,0,0,0,0,0,1,0,0,0,0,0
1971,8,374,1.2889,15.6,133805,170028,61.7,1.6555,2657,0.0080537,0.0876817,0,-0.0013219,-0.0364508,0.0329519,-0.0021119,-0.0104831,0,0,0,0,0,0,0,1,0,0,0,0
1971,9,374,1.2169,15.6,135012,169374,64.5,1.6547,2627,0,-0.0574825,0,0.0089801,-0.0038538,0.0443813,-0.0004834,-0.0113552,0,0,0,0,0,0,0,0,1,0,0,0
1971,10,374,1.256,15.6,137248,171807,64.8,1.6547,2608,0,0.0316255,0,0.0164258,0.0142625,0.0046404,0,-0.0072589,0,0,0,0,0,0,0,0,0,1,0,0
1971,11,374,1.0267,15.6,138468,171423,63.6,1.6529,2579,0,-0.2015823,0,0.0088497,-0.0022376,-0.0186922,-0.0010884,-0.0111819,0,0,0,0,0,0,0,0,0,0,1,0
1971,12,374,0.71855,15.6,140115,169033,61.9,1.655,2519,0,-0.3568698,0,0.0118243,-0.0140402,-0.0270932,0.0012697,-0.0235397,0,0,0,0,0,0,0,0,0,0,0,1
1972,1,374,0.59444,15.4,143896,174678,63.8,1.655,2462,0,-0.1896156,-0.0129035,0.0266273,0.0328503,0.030233,0,-0.022888,1,0,0,0,0,0,0,0,0,0,0,0
1972,2,375,0.74802,15.4,146157,165659,66.2,1.6594,2426,0.0026702,0.22981,0,0.0155906,-0.0530128,0.0369272,0.0026551,-0.0147302,0,1,0,0,0,0,0,0,0,0,0,0
1972,3,375,0.88344,15.4,153866,171957,66.8,1.659,2385,0,0.1663937,0,0.0514007,0.037313,0.0090227,-0.000241,-0.0170447,0,0,1,0,0,0,0,0,0,0,0,0
1972,4,385,1.0543,15.4,153779,168528,68,1.659,2341,0.0263173,0.1768089,0,-0.0005656,-0.0201425,0.0178046,0,-0.0186209,0,0,0,1,0,0,0,0,0,0,0,0
1972,5,386,1.1578,15.4,153213,169942,67.6,1.6584,2319,0.002594,0.0936446,0,-0.0036874,0.0083553,-0.0058997,-0.0003617,-0.0094421,0,0,0,0,1,0,0,0,0,0,0,0
1972,6,386,1.2862,15.4,152635,171232,69.5,1.6553,2323,0,0.1051706,0,-0.0037797,0.0075622,0.0277188,-0.001871,0.0017234,0,0,0,0,0,1,0,0,0,0,0,0
1972,7,386,1.2345,15.4,151779,168476,65,1.6553,2332,0,-0.0410261,0,-0.0056239,-0.0162261,-0.0669395,0,0.0038668,0,0,0,0,0,0,1,0,0,0,0,0
1972,8,392,1.3828,15.6,151363,169912,68.7,1.6491,2344,0.0154245,0.1134443,0.0129035,-0.0027446,0.0084873,0.0553619,-0.0037526,0.0051326,0,0,0,0,0,0,0,1,0,0,0,0
1972,9,393,1.2959,15.6,152864,171537,71.4,1.6474,2356,0.0025478,-0.064905,0,0.0098677,0.0095183,0.0385487,-0.0010314,0.0051064,0,0,0,0,0,0,0,0,1,0,0,0
1972,10,393,1.315,15.6,154304,173342,72.1,1.6474,2371,0,0.0146313,0,0.009376,0.0104675,0.0097561,0,0.0063465,0,0,0,0,0,0,0,0,0,1,0,0
1972,11,393,0.94786,15.6,156550,170391,71.2,1.6441,2370,0,-0.3273852,0,0.0144508,-0.0171707,-0.0125612,-0.0020052,-0.0004219,0,0,0,0,0,0,0,0,0,0,1,0
1972,12,393,0.70313,15.6,156101,175248,69.1,1.6451,2348,0,-0.298665,0,-0.0028722,0.0281063,-0.0299381,0.0006081,-0.0093261,0,0,0,0,0,0,0,0,0,0,0,1
1973,1,393,0.65557,15.6,158632,177312,69.7,1.6451,2334,0,-0.0700368,0,0.0160838,0.0117088,0.0086456,0,-0.0059804,1,0,0,0,0,0,0,0,0,0,0,0
1973,2,393,0.77338,15.6,161951,175633,73.1,1.6472,2314,0,0.1652655,0,0.0207068,-0.0095143,0.0476281,0.0012757,-0.0086059,0,1,0,0,0,0,0,0,0,0,0,0
1973,3,396,0.93998,15.7,163084,180204,73.2,1.6458,2291,0.0076046,0.1950881,0.0063898,0.0069716,0.025693,0.001367,-0.0008503,-0.0099892,0,0,1,0,0,0,0,0,0,0,0,0
1973,4,405,1.0758,16,156017,177095,73.1,1.6458,2274,0.0224729,0.1349612,0.018928,-0.0443004,-0.0174032,-0.001367,0,-0.007448,0,0,0,1,0,0,0,0,0,0,0,0
1973,5,402,1.2734,16.6,153705,177401,73.6,1.6429,2256,-0.007435,0.1686259,0.036814,-0.0149298,0.0017264,0.0068167,-0.0017636,-0.0079471,0,0,0,0,1,0,0,0,0,0,0,0
1973,6,402,1.376,17.1,150983,178615,76,1.6377,2253,0,0.0774903,0.0296758,-0.0178679,0.0068199,0.0320883,-0.0031702,-0.0013307,0,0,0,0,0,1,0,0,0,0,0,0
1973,7,403,1.3602,17.2,149658,179106,72.1,1.6377,2251,0.0024845,-0.011549,0.0058309,-0.0088146,0.0027452,-0.0526793,0,-0.0008881,0,0,0,0,0,0,1,0,0,0,0,0
1973,8,403,1.4567,17.2,147602,178573,74.4,1.6273,2237,0,0.0685418,0,-0.0138332,-0.0029803,0.0314019,-0.0063706,-0.0062389,0,0,0,0,0,0,0,1,0,0,0,0
1973,9,403,1.3209,18.2,143450,180775,77.1,1.6286,2232,0,-0.0978603,0.0565122,-0.0285329,0.0122557,0.0356473,0.0007985,-0.0022376,0,0,0,0,0,0,0,0,1,0,0,0
1973,10,404,1.3765,18.2,140989,178691,77.1,1.6286,2227,0.0024783,0.0412308,0,-0.0173047,-0.0115951,0,0,-0.0022427,0,0,0,0,0,0,0,0,0,1,0,0
1973,11,405,1.1026,19,137696,178972,75.4,1.6312,2218,0.0024722,-0.221873,0.0430173,-0.0236335,0.0015713,-0.022296,0.0015952,-0.0040495,0,0,0,0,0,0,0,0,0,0,1,0
1973,12,405,0.7729,19.9,134437,178169,70.9,1.6299,2202,0,-0.3552766,0.0462807,-0.0239527,-0.0044968,-0.0615368,-0.0007973,-0.0072399,0,0,0,0,0,0,0,0,0,0,0,1
1974,1,437,0.60979,24.3,128450,174148,70.7,1.6299,2199,0.0760461,-0.237035,0.1997566,-0.045556,-0.022827,-0.0028249,0,-0.0013633,1,0,0,0,0,0,0,0,0,0,0,0
1974,2,442,0.76639,27.5,128012,177274,72.9,1.6273,2195,0.0113767,0.2285765,0.1237097,-0.0034157,0.017791,0.0306431,-0.0015964,-0.0018207,0,1,0,0,0,0,0,0,0,0,0,0
1974,3,444,0.92874,27.5,125834,172069,73.3,1.6292,2187,0.0045147,0.1921376,0,-0.0171604,-0.029801,0.005472,0.0011669,-0.0036513,0,0,1,0,0,0,0,0,0,0,0,0
1974,4,455,1.1028,27.5,124044,176743,72.9,1.6292,2174,0.0244729,0.1717788,0,-0.0143272,0.0268011,-0.005472,0,-0.005962,0,0,0,1,0,0,0,0,0,0,0,0
1974,5,456,1.1824,27.5,120870,174841,74,1.6331,2156,0.0021954,0.0696938,0,-0.0259208,-0.0108197,0.0149764,0.002391,-0.0083141,0,0,0,0,1,0,0,0,0,0,0,0
1974,6,457,1.3211,27.5,115353,170860,76.1,1.6305,2162,0.0021906,0.1109185,0,-0.0467186,-0.0230325,0.0279832,-0.0015934,0.0027791,0,0,0,0,0,1,0,0,0,0,0,0
1974,7,497,1.1715,30.6,117359,167631,71.6,1.6305,2162,0.0839066,-0.1201798,0.106814,0.0172406,-0.0190794,-0.0609532,0,0,0,0,0,0,0,0,1,0,0,0,0,0
1974,8,497,1.2652,30.7,118258,164010,73.7,1.6252,2153,0,0.0769453,0.0032627,0.0076311,-0.0218377,0.0289077,-0.0032558,-0.0041715,0,0,0,0,0,0,0,1,0,0,0,0
1974,9,498,1.2389,30.7,115290,160213,76,1.6261,2157,0.0020101,-0.0210064,0,-0.025418,-0.0234232,0.0307306,0.0005536,0.0018561,0,0,0,0,0,0,0,0,1,0,0,0
1974,10,500,1.246,30.8,108597,164566,74.9,1.6261,2156,0.004008,0.0057146,0.003252,-0.0598069,0.0268075,-0.0145794,0,-0.0004637,0,0,0,0,0,0,0,0,0,1,0,0
1974,11,500,0.87384,31.5,103251,161674,71.1,1.6278,2154,0,-0.3547965,0.0224729,-0.0504809,-0.0177297,-0.0520666,0.0010449,-0.0009281,0,0,0,0,0,0,0,0,0,0,1,0
1974,12,500,0.66188,30.4,99354,164120,65.5,1.6276,2140,0,-0.277813,-0.035545,-0.0384737,0.0150159,-0.0820372,-0.0001229,-0.0065207,0,0,0,0,0,0,0,0,0,0,0,1
1975,1,547,0.52612,30.4,96263,165959,64.3,1.6276,2145,0.0898407,-0.229555,0,-0.0316052,0.0111429,-0.0184905,0,0.0023337,1,0,0,0,0,0,0,0,0,0,0,0
1975,2,554,0.54681,31.2,93980,160153,65.3,1.6272,2146,0.0127159,0.038572,0.0259755,-0.024002,-0.0356112,0.0154324,-0.0002458,0.0004661,0,1,0,0,0,0,0,0,0,0,0,0
1975,3,554,0.63536,31.4,90696,152680,64.1,1.6265,2137,0,0.1500904,0.0063898,-0.0355687,-0.0477854,-0.0185477,-0.0004303,-0.0042027,0,0,1,0,0,0,0,0,0,0,0,0
1975,4,561,0.82162,31.7,93520,155860,64.7,1.6265,2127,0.0125562,0.2570862,0.0095088,0.0306621,0.0206139,0.0093168,0,-0.0046904,0,0,0,1,0,0,0,0,0,0,0,0
1975,5,565,0.95382,31.9,94180,154944,64.6,1.6252,2124,0.0071048,0.149197,0.0062893,0.0070325,-0.0058944,-0.0015468,-0.0007996,-0.0014114,0,0,0,0,1,0,0,0,0,0,0,0
1975,6,565,1.0806,34.9,95925,154285,67.3,1.6251,2128,0,0.1247968,0.0898809,0.0183588,-0.0042622,0.0409459,-0.0000615,0.0018815,0,0,0,0,0,1,0,0,0,0,0,0
1975,7,571,1.0666,34.1,97484,157034,63.9,1.6251,2129,0.0105635,-0.0130405,-0.0231895,0.0161216,0.0176608,-0.0518409,0,0.0004698,0,0,0,0,0,0,1,0,0,0,0,0
1975,8,570,1.1424,34.9,100078,155876,67.5,1.6247,2111,-0.0017528,0.0686553,0.0231895,0.0262616,-0.0074015,0.0548082,-0.0002462,-0.0084906,0,0,0,0,0,0,0,1,0,0,0,0
1975,9,575,1.112,34.9,101273,159059,69.8,1.6251,2105,0.0087337,-0.0269712,0,0.01187,0.0202144,0.0335065,0.0002462,-0.0028463,0,0,0,0,0,0,0,0,1,0,0,0
1975,10,574,1.1444,35.2,103229,157234,69.5,1.6251,2097,-0.0017406,0.0287203,0.0085592,0.01913,-0.0115401,-0.0043073,0,-0.0038077,0,0,0,0,0,0,0,0,0,1,0,0
1975,11,574,0.86343,35.6,104962,158752,68.5,1.6257,2099,0,-0.2817229,0.0112995,0.0166486,0.0096081,-0.014493,0.0003691,0.0009533,0,0,0,0,0,0,0,0,0,0,1,0
1975,12,574,0.62453,35.8,105299,157897,66.4,1.624,2084,0,-0.3239135,0.0056023,0.0032055,-0.0054003,-0.0311367,-0.0010463,-0.0071719,0,0,0,0,0,0,0,0,0,0,0,1
1976,1,595,0.49397,35.9,109939,164462,67.6,1.624,2092,0.035932,-0.2345246,0.0027895,0.0431217,0.0407366,0.0179109,0,0.0038314,1,0,0,0,0,0,0,0,0,0,0,0
1976,2,596,0.63803,33,115464,161078,71.3,1.6206,2093,0.0016793,0.2559105,-0.0842298,0.0490331,-0.0207908,0.0532884,-0.0020958,0.0004779,0,1,0,0,0,0,0,0,0,0,0,0
1976,3,597,0.76995,33.1,121046,164513,71.2,1.6205,2090,0.0016764,0.1879403,0.0030257,0.0472118,0.0211009,-0.0014036,-0.0000617,-0.0014344,0,0,1,0,0,0,0,0,0,0,0,0
1976,4,626,0.94601,33.4,121101,159237,71.2,1.6205,2087,0.0474333,0.2059276,0.0090227,0.0004543,-0.0325959,0,0,-0.0014364,0,0,0,1,0,0,0,0,0,0,0,0
1976,5,626,1.0052,33.5,120193,157430,72.3,1.6202,2081,0,0.0606887,0.0029895,-0.0075261,-0.0114127,0.0153314,-0.0001851,-0.0028791,0,0,0,0,1,0,0,0,0,0,0,0
1976,6,626,1.1396,33.8,121731,154404,74.2,1.6208,2082,0,0.1254908,0.0089153,0.0127149,-0.0194084,0.0259399,0.0003702,0.0004804,0,0,0,0,0,1,0,0,0,0,0,0
1976,7,633,1.0941,34.7,117516,151062,70.5,1.6208,2087,0.0111201,-0.0407453,0.0262789,-0.0352392,-0.0218822,-0.0511514,0,0.0023987,0,0,0,0,0,0,1,0,0,0,0,0
1976,8,633,1.1933,34.7,116720,153275,73.4,1.6219,2085,0,0.0867905,0,-0.0067966,0.0145433,0.0403112,0.0006784,-0.0009588,0,0,0,0,0,0,0,1,0,0,0,0
1976,9,633,1.1119,34.7,116911,153002,75.3,1.622,2084,0,-0.0706524,0,0.0016351,-0.0017827,0.0255562,0.0000617,-0.0004797,0,0,0,0,0,0,0,0,1,0,0,0
1976,10,633,1.0909,36.1,128393,148290,75.1,1.622,2086,0,-0.0190672,0.0395531,0.0936829,-0.0312812,-0.0026596,0,0.0009592,0,0,0,0,0,0,0,0,0,1,0,0
1976,11,633,0.90475,36.1,136612,149875,74.4,1.6221,2082,0,-0.1870996,0,0.0620489,0.0106318,-0.0093646,0.0000617,-0.0019194,0,0,0,0,0,0,0,0,0,0,1,0
1976,12,633,0.63508,36.1,142635,149722,72.4,1.6219,2072,0,-0.3539077,0,0.0431441,-0.0010214,-0.0272496,-0.0001233,-0.0048146,0,0,0,0,0,0,0,0,0,0,0,1
1977,1,652,0.40715,35.8,134234,143945,74,1.6219,2077,0.0295741,-0.4445693,-0.008345,-0.0607044,-0.039349,0.0218588,0,0.0024102,1,0,0,0,0,0,0,0,0,0,0,0
1977,2,653,0.65125,37.4,135644,147543,76.3,1.6214,2078,0.0015326,0.4697119,0.0437229,0.0104493,0.0246884,0.0306079,-0.0003083,0.0004813,0,1,0,0,0,0,0,0,0,0,0,0
1977,3,653,0.85925,36.8,139695,150812,77.2,1.6222,2075,0,0.2771663,-0.0161729,0.0294277,0.0219144,0.0117264,0.0004933,-0.0014447,0,0,1,0,0,0,0,0,0,0,0,0
1977,4,665,1.0415,37,147831,150934,77.4,1.6222,2071,0.0182099,0.1923573,0.0054201,0.0566083,0.0008086,0.0025874,0,-0.0019296,0,0,0,1,0,0,0,0,0,0,0,0
1977,5,672,1.1478,37,151666,149495,78,1.6239,2070,0.0104713,0.0971851,0,0.025611,-0.0095797,0.007722,0.0010474,-0.000483,0,0,0,0,1,0,0,0,0,0,0,0
1977,6,672,1.2876,37.1,150947,148433,80.5,1.6247,2075,0,0.114933,0.002699,-0.004752,-0.0071293,0.0315484,0.0004925,0.0024125,0,0,0,0,0,1,0,0,0,0,0,0
1977,7,675,1.1821,36.9,155879,148731,76.8,1.6247,2079,0.0044544,-0.0854875,-0.0054053,0.0321513,0.0020056,-0.0470525,0,0.0019259,0,0,0,0,0,0,1,0,0,0,0,0
1977,8,676,1.2479,37.3,155338,147879,79.1,1.6263,2073,0.0014804,0.0541696,0.0107817,-0.0034767,-0.0057449,0.0295082,0.0009843,-0.0028902,0,0,0,0,0,0,0,1,0,0,0,0
1977,9,676,1.1979,37.6,153657,149207,81.2,1.6247,2075,0,-0.0408921,0.0080107,-0.0108805,0.0089402,0.0262024,-0.0009843,0.0009643,0,0,0,0,0,0,0,0,1,0,0,0
1977,10,675,1.2601,38,150344,145025,80.9,1.6247,2072,-0.0014804,0.050621,0.0105821,-0.0217968,-0.0284285,-0.0037014,0,-0.0014468,0,0,0,0,0,0,0,0,0,1,0,0
1977,11,675,0.98644,38.6,147315,144995,79.5,1.6215,2069,0,-0.2448439,0.0156661,-0.0203528,-0.0002069,-0.0174568,-0.0019715,-0.0014489,0,0,0,0,0,0,0,0,0,0,1,0
1977,12,675,0.73103,39.3,146670,145037,77.5,1.6212,2060,0,-0.299648,0.0179723,-0.004388,0.0002896,-0.0254791,-0.0001851,-0.0043594,0,0,0,0,0,0,0,0,0,0,0,1
1978,1,711,0.43771,39.4,148204,141753,77.1,1.6212,2065,0.0519597,-0.5128979,0.0025414,0.0104045,-0.0229028,-0.0051747,0,0.0024242,1,0,0,0,0,0,0,0,0,0,0,0
1978,2,711,0.57683,39.5,151906,142558,79.6,1.6208,2062,0,0.2759911,0.0025348,0.0246722,0.0056628,0.0319108,-0.0002467,-0.0014538,0,1,0,0,0,0,0,0,0,0,0,0
1978,3,711,0.86226,40,153198,151360,80.3,1.6223,2058,0,0.4020092,0.0125788,0.0084693,0.0599122,0.0087556,0.000925,-0.0019417,0,0,1,0,0,0,0,0,0,0,0,0
1978,4,734,1.1343,40.1,153608,159789,82.1,1.6223,2054,0.0318366,0.2742141,0.0024968,0.0026727,0.0541931,0.0221683,0,-0.0019455,0,0,0,1,0,0,0,0,0,0,0,0
1978,5,734,1.231,40.3,156649,161974,81.8,1.6254,2046,0,0.0818111,0.0049752,0.0196037,0.0135816,-0.0036607,0.001909,-0.0039024,0,0,0,0,1,0,0,0,0,0,0,0
1978,6,734,1.4215,40.8,156853,161838,84.7,1.6263,2057,0,0.1438858,0.0123306,0.0013014,-0.00084,0.0348383,0.0005536,0.0053619,0,0,0,0,0,1,0,0,0,0,0,0
1978,7,743,1.2759,41.2,156540,165505,81,1.6263,2062,0.012187,-0.1080608,0.0097562,-0.0019975,0.0224056,-0.0446664,0,0.0024278,0,0,0,0,0,0,1,0,0,0,0,0
1978,8,745,1.38,41.3,155996,165725,83.7,1.6283,2062,0.0026882,0.0784317,0.0024242,-0.0034812,0.0013284,0.0327898,0.001229,0,0,0,0,0,0,0,0,1,0,0,0,0
1978,9,748,1.3012,41.7,156869,168102,85.9,1.6276,2062,0.0040188,-0.0587966,0.0096387,0.0055807,0.0142411,0.0259449,-0.00043,0,0,0,0,0,0,0,0,0,1,0,0,0
1978,10,749,1.3839,41.9,155183,167930,86.1,1.6276,2058,0.001336,0.0616187,0.0047847,-0.010806,-0.0010237,0.0023255,0,-0.0019417,0,0,0,0,0,0,0,0,0,1,0,0
1978,11,749,1.0809,42.3,155755,166996,85.1,1.6263,2050,0,-0.2471116,0.0095012,0.0036792,-0.0055774,-0.0116824,-0.000799,-0.0038948,0,0,0,0,0,0,0,0,0,0,1,0
1978,12,749,0.84431,42.6,155901,168593,83.7,1.6265,2041,0,-0.2470296,0.0070671,0.0009369,0.0095177,-0.0165881,0.000123,-0.0043999,0,0,0,0,0,0,0,0,0,0,0,1
1979,1,806,0.4558,43.1,152214,159455,83.2,1.6265,2040,0.0733448,-0.6164656,0.0116687,-0.0239338,-0.0557258,-0.0059916,0,-0.0004901,1,0,0,0,0,0,0,0,0,0,0,0
1979,2,815,0.58293,43.9,150148,153933,86.5,1.6269,2030,0.0111044,0.246013,0.0183914,-0.013666,-0.0352443,0.0388971,0.0002459,-0.004914,0,1,0,0,0,0,0,0,0,0,0,0
1979,3,820,0.90695,44.2,146227,164058,86.8,1.6272,2026,0.0061162,0.4420201,0.0068105,-0.0264613,0.0637026,0.0034622,0.0001844,-0.0019724,0,0,1,0,0,0,0,0,0,0,0,0
1979,4,828,1.0681,44.5,146298,163893,84.8,1.6272,2022,0.0097088,0.1635493,0.0067644,0.0004854,-0.0010062,-0.0233111,0,-0.0019763,0,0,0,1,0,0,0,0,0,0,0,0
1979,5,828,1.2232,45.8,142635,166927,85.6,1.6277,2018,0,0.135589,0.0287949,-0.0253567,0.0183428,0.0093897,0.0003072,-0.0019802,0,0,0,0,1,0,0,0,0,0,0,0
1979,6,830,1.405,48.6,144845,166069,87.8,1.6287,2024,0.0024125,0.1385669,0.0593394,0.0153753,-0.0051532,0.0253763,0.0006142,0.0029688,0,0,0,0,0,1,0,0,0,0,0,0
1979,7,835,1.2932,50.5,145927,170592,83.4,1.6287,2027,0.006006,-0.0829175,0.0383498,0.0074423,0.0268714,-0.0514132,0,0.0014811,0,0,0,0,0,0,1,0,0,0,0,0
1979,8,835,1.3801,52.6,143988,170573,85.6,1.6308,2024,0,0.0650362,0.0407428,-0.0133765,-0.0001114,0.0260369,0.0012885,-0.0014811,0,0,0,0,0,0,0,1,0,0,0,0
1979,9,835,1.3129,57.6,144939,173461,87.5,1.6314,2027,0,-0.0499176,0.0908064,0.006583,0.0167894,0.0219535,0.0003678,0.0014811,0,0,0,0,0,0,0,0,1,0,0,0
1979,10,835,1.3586,59.5,143176,173173,87.6,1.6314,2030,0,0.0342164,0.0324538,-0.0122383,-0.0016617,0.0011422,0,0.0014789,0,0,0,0,0,0,0,0,0,1,0,0
1979,11,835,1.0878,61.4,139976,171090,85.7,1.6326,2029,0,-0.2222974,0.0314335,-0.0226037,-0.0121014,-0.0219282,0.0007353,-0.0004927,0,0,0,0,0,0,0,0,0,0,1,0
1979,12,837,0.85157,64.2,138838,174849,83.9,1.6338,2020,0.0023923,-0.2448309,0.0445933,-0.0081632,0.021733,-0.0212272,0.0007348,-0.0044455,0,0,0,0,0,0,0,0,0,0,0,1
1980,1,894,0.60397,70,138610,181843,84,1.6338,2029,0.0658817,-0.3435572,0.0864921,-0.0016436,0.0392209,0.0011912,0,0.0044455,1,0,0,0,0,0,0,0,0,0,0,0
1980,2,895,0.65852,70.2,130915,175349,86.8,1.636,2032,0.0011179,0.0864704,0.002853,-0.057116,-0.0363654,0.0327899,0.0013457,0.0014775,0,1,0,0,0,0,0,0,0,0,0,0
1980,3,896,0.75837,71.3,123892,175110,86.9,1.6362,2033,0.0011167,0.1411765,0.0155481,-0.055138,-0.0013639,0.0011514,0.0001222,0.000492,0,0,1,0,0,0,0,0,0,0,0,0
1980,4,914,0.94258,72.8,113703,172783,83.8,1.6362,2028,0.0198902,0.2174494,0.0208196,-0.0858204,-0.0133779,-0.036325,0,-0.0024624,0,0,0,1,0,0,0,0,0,0,0,0
1980,5,918,1.0161,73.6,103586,171226,81.6,1.6366,2031,0.0043668,0.0751063,0.010929,-0.0931876,-0.0090522,-0.0266038,0.0002445,0.0014782,0,0,0,0,1,0,0,0,0,0,0,0
1980,6,918,1.1715,74.9,98304,169463,82.8,1.6374,2034,0,0.1423131,0.0175089,-0.0523375,-0.0103497,0.0145989,0.0004887,0.001476,0,0,0,0,0,1,0,0,0,0,0,0
1980,7,916,1.0921,75.2,98261,165348,79.4,1.6374,2044,-0.002181,-0.0701825,0.0039973,-0.0004375,-0.0245823,-0.0419297,0,0.0049044,0,0,0,0,0,0,1,0,0,0,0,0
1980,8,916,1.1562,77.3,103517,163975,83,1.6392,2049,0,0.0570363,0.0275428,0.0521086,-0.0083384,0.0443422,0.0010987,0.0024432,0,0,0,0,0,0,0,1,0,0,0,0
1980,9,913,1.1561,77.9,108840,165976,85.4,1.639,2051,-0.0032805,-0.0000865,0.007732,0.0501431,0.0121292,0.0285055,-0.000122,0.0009756,0,0,0,0,0,0,0,0,1,0,0,0
1980,10,912,1.187,79,113016,163196,85.6,1.639,2053,-0.0010959,0.0263768,0.0140219,0.0376505,-0.0168913,0.0023391,0,0.0009747,0,0,0,0,0,0,0,0,0,1,0,0
1980,11,908,0.96931,81.9,116885,160200,85.5,1.6386,2056,-0.0043956,-0.2026,0.0360512,0.0336611,-0.0185289,-0.0011689,-0.0002441,0.0014602,0,0,0,0,0,0,0,0,0,0,1,0
1980,12,908,0.77249,86.3,119784,170540,84.2,1.6396,2051,0,-0.2269654,0.0523306,0.0244996,0.0625468,-0.0153215,0.0006101,-0.0024349,0,0,0,0,0,0,0,0,0,0,0,1
1981,1,949,0.57813,96.1,119778,174720,83.3,1.6396,2056,0.0441644,-0.2898203,0.1075597,-0.0000501,0.0242148,-0.0107463,0,0.0024349,1,0,0,0,0,0,0,0,0,0,0,0
1981,2,948,0.64735,114.9,118661,172169,86,1.6416,2061,-0.0010543,0.1130884,0.1786729,-0.0093693,-0.0147081,0.0318987,0.0012191,0.002429,0,1,0,0,0,0,0,0,0,0,0,0
1981,3,949,0.86322,114.9,111020,169796,86.3,1.6434,2062,0.0010543,0.2877824,0,-0.0665603,-0.0138788,0.0034823,0.0010959,0.0004851,0,0,1,0,0,0,0,0,0,0,0,0
1981,4,972,1.0041,114.9,111988,170238,84.1,1.6434,2060,0.023947,0.1511773,0,0.0086814,0.0025997,-0.0258231,0,-0.0009704,0,0,0,1,0,0,0,0,0,0,0,0
1981,5,972,0.99679,114.5,110131,168248,84.6,1.6468,2064,0,-0.0073068,-0.0034874,-0.0167212,-0.0117584,0.0059277,0.0020668,0.0019399,0,0,0,0,1,0,0,0,0,0,0,0
1981,6,968,1.0871,111.3,107680,164312,87.5,1.6475,2070,-0.0041237,0.0867288,-0.0283455,-0.0225067,-0.023672,0.0337045,0.000425,0.0029028,0,0,0,0,0,1,0,0,0,0,0,0
1981,7,970,1.0655,108.9,102487,166545,85.5,1.6475,2082,0.002064,-0.0200694,-0.0217992,-0.0494279,0.0134985,-0.0231224,0,0.0057804,0,0,0,0,0,0,1,0,0,0,0,0
1981,8,970,1.0933,108.7,97153,165013,87.8,1.6491,2084,0,0.0257564,-0.0018383,-0.0534489,-0.0092413,0.0265452,0.0009706,0.0009602,0,0,0,0,0,0,0,1,0,0,0,0
1981,9,971,1.0651,108.7,94683,168147,88.5,1.6503,2083,0.0010304,-0.026132,0,-0.0257526,0.0188143,0.007941,0.0007275,-0.00048,0,0,0,0,0,0,0,0,1,0,0,0
1981,10,966,1.0144,107.5,89922,165260,87.4,1.6503,2090,-0.0051626,-0.0487713,-0.0111009,-0.0515918,-0.0173186,-0.0125073,0,0.0033549,0,0,0,0,0,0,0,0,0,1,0,0
1981,11,966,0.88173,107.2,87467,165317,84.8,1.6527,2097,0,-0.1401667,-0.0027946,-0.027681,0.0003449,-0.0301997,0.0014532,0.0033437,0,0,0,0,0,0,0,0,0,0,1,0
1981,12,966,0.64406,107.3,86354,166647,82.5,1.6528,2093,0,-0.314094,0.0009325,-0.0128065,0.008013,-0.0274973,0.0000605,-0.0019093,0,0,0,0,0,0,0,0,0,0,0,1
1982,1,993,0.44169,107.3,84023,161958,81.5,1.6528,2104,0.0275668,-0.3771836,0,-0.0273646,-0.0285408,-0.0121953,0,0.0052419,1,0,0,0,0,0,0,0,0,0,0,0
1982,2,999,0.55305,105,84641,164147,85.2,1.653,2109,0.0060241,0.2248401,-0.0216683,0.0073282,0.0134253,0.0443984,0.000121,0.0023736,0,1,0,0,0,0,0,0,0,0,0,0
1982,3,999,0.70533,101.6,84023,165873,84,1.6551,2107,0,0.2432174,-0.0329168,-0.0073282,0.0104601,-0.0141846,0.0012696,-0.0009488,0,0,1,0,0,0,0,0,0,0,0,0
1982,4,998,0.80566,97.9,82586,166675,82.1,1.6551,2106,-0.0010015,0.132996,-0.037097,-0.0172504,0.0048234,-0.0228788,0,-0.0004747,0,0,0,1,0,0,0,0,0,0,0,0
1982,5,1000,0.90352,97.9,82116,162831,81.3,1.6593,2104,0.002002,0.1146364,0,-0.0057073,-0.023333,-0.0097919,0.0025344,-0.0009501,0,0,0,0,1,0,0,0,0,0,0,0
1982,6,1000,1.0106,97.9,83045,161425,83.4,1.661,2108,0,0.1120012,0,0.0112497,-0.0086722,0.0255023,0.001024,0.0018993,0,0,0,0,0,1,0,0,0,0,0,0
1982,7,994,0.96581,98,81384,161464,80.5,1.661,2110,-0.0060181,-0.0453323,0.0010209,-0.0202039,0.0002416,-0.0353911,0,0.0009483,0,0,0,0,0,0,1,0,0,0,0,0
1982,8,990,1.0267,98,83204,164009,82.6,1.6645,2109,-0.0040323,0.0611379,0,0.0221167,0.0156391,0.0257525,0.0021049,-0.000474,0,0,0,0,0,0,0,1,0,0,0,0
1982,9,987,1.0094,97.9,83105,163317,82.7,1.6659,2109,-0.0030349,-0.0169937,-0.0010209,-0.0011906,-0.0042282,0.0012099,0.0008407,0,0,0,0,0,0,0,0,0,1,0,0,0
1982,10,980,0.9946,100.3,86189,163803,81.4,1.6659,2108,-0.0071175,-0.0147707,0.0242192,0.0364377,0.0029714,-0.0158443,0,-0.0004743,0,0,0,0,0,0,0,0,0,1,0,0
1982,11,980,0.78331,100,89670,165063,80,1.6687,2114,0,-0.2388121,-0.0029955,0.0395937,0.0076627,-0.0173487,0.0016794,0.0028423,0,0,0,0,0,0,0,0,0,0,1,0
1982,12,958,0.62275,98.2,93598,159883,78,1.6693,2113,-0.0227048,-0.2293834,-0.018164,0.0428727,-0.0318849,-0.0253178,0.0003595,-0.0004731,0,0,0,0,0,0,0,0,0,0,0,1
1983,1,958,0.55202,98.1,97185,159658,79.8,1.6693,2120,0,-0.1205608,-0.0010188,0.0376074,-0.0014083,0.0228147,0,0.0033073,1,0,0,0,0,0,0,0,0,0,0,0
1983,2,976,0.5501,94.5,103077,152488,81.4,1.6704,2122,0.0186148,-0.0034842,-0.0373875,0.0588599,-0.0459481,0.0198517,0.0006588,0.000943,0,1,0,0,0,0,0,0,0,0,0,0
1983,3,970,0.69539,92.5,108070,148668,81.5,1.6713,2127,-0.0061665,0.2343727,-0.0213912,0.0473029,-0.0253703,0.0012277,0.0005387,0.0023535,0,0,1,0,0,0,0,0,0,0,0,0
1983,4,994,0.82772,92.5,114402,149474,81.3,1.6713,2123,0.0244411,0.1742021,0,0.0569394,0.0054068,-0.002457,0,-0.0018824,0,0,0,1,0,0,0,0,0,0,0,0
1983,5,995,0.95848,92.4,118825,149469,82.1,1.6732,2120,0.0010055,0.1466738,-0.0010816,0.0379333,-0.0000335,0.0097919,0.0011362,-0.0014141,0,0,0,0,1,0,0,0,0,0,0,0
1983,6,998,1.1255,92.4,123962,152144,84.6,1.6733,2116,0.0030105,0.1606339,0,0.0423232,0.0177384,0.0299962,0.0000598,-0.0018886,0,0,0,0,0,1,0,0,0,0,0,0
1983,7,997,1.0868,92.1,124350,151981,83.8,1.6733,2113,-0.0010025,-0.0349898,-0.0032521,0.0031251,-0.0010719,-0.0095012,0,-0.0014188,0,0,0,0,0,0,1,0,0,0,0,0
1983,8,1013,1.1494,92.1,127708,152150,87.6,1.6734,2115,0.0159207,0.0560025,0,0.0266462,0.0011114,0.0443479,0.0000598,0.0009461,0,0,0,0,0,0,0,1,0,0,0,0
1983,9,1018,1.1289,92.1,129306,154876,90.1,1.6749,2123,0.0049237,-0.0179963,0,0.0124353,0.0177579,0.0281392,0.000896,0.0037754,0,0,0,0,0,0,0,0,1,0,0,0
1983,10,1015,1.1389,92.1,132180,149779,90,1.6749,2120,-0.0029513,0.0088192,0,0.0219829,-0.0334639,-0.0011105,0,-0.0014141,0,0,0,0,0,0,0,0,0,1,0,0
1983,11,997,0.93573,92.1,135928,155573,88.7,1.678,2126,-0.0178931,-0.1964912,0,0.0279607,0.0379542,-0.0145498,0.0018491,0.0028262,0,0,0,0,0,0,0,0,0,0,1,0
1983,12,992,0.62103,92,136108,157977,87.9,1.6787,2124,-0.0050277,-0.4099476,-0.0010863,0.0013234,0.0153344,-0.00906,0.0004171,-0.0009412,0,0,0,0,0,0,0,0,0,0,0,1
1984,1,987,0.58128,92.1,137704,154985,90,1.6787,2130,-0.0050531,-0.0661468,0.0010863,0.0116578,-0.0191211,0.0236098,0,0.0028209,1,0,0,0,0,0,0,0,0,0,0,0
1984,2,1009,0.76309,92.1,143814,159996,91.6,1.6802,2135,0.022045,0.2721435,0,0.0434143,0.0318205,0.0176216,0.0008932,0.0023447,0,1,0,0,0,0,0,0,0,0,0,0
1984,3,1035,0.81526,92.1,145158,161318,92,1.6812,2140,0.0254417,0.0661311,0,0.009302,0.0082288,0.0043573,0.000595,0.0023392,0,0,1,0,0,0,0,0,0,0,0,0
1984,4,1025,1.0202,91.9,142252,161495,91.3,1.6812,2138,-0.0097088,0.2242469,-0.0021739,-0.0202227,0.0010966,-0.0076378,0,-0.000935,0,0,0,1,0,0,0,0,0,0,0,0
1984,5,1042,1.1338,91.9,144891,163873,91.5,1.6834,2141,0.0164493,0.1055762,0,0.0183816,0.0146176,0.0021882,0.0013077,0.0014022,0,0,0,0,1,0,0,0,0,0,0,0
1984,6,1031,1.2494,91.8,144867,165466,94.6,1.6831,2143,-0.0106127,0.0970886,-0.0010887,-0.0001657,0.009674,0.0333185,-0.0001783,0.0009337,0,0,0,0,0,1,0,0,0,0,0,0
1984,7,1033,1.1954,91.7,144896,164464,92.3,1.6831,2142,0.001938,-0.0441826,-0.00109,0.0002002,-0.006074,-0.0246133,0,-0.0004667,0,0,0,0,0,0,1,0,0,0,0,0
1984,8,1039,1.2754,91.5,145427,166213,95.2,1.6827,2144,0.0057915,0.064779,-0.0021834,0.003658,0.0105784,0.0309357,-0.0002377,0.0009333,0,0,0,0,0,0,0,1,0,0,0,0
1984,9,1035,1.2063,91.4,146105,167446,96.1,1.685,2138,-0.0038573,-0.055702,-0.0010935,0.0046513,0.0073908,0.0094094,0.0013659,-0.0028024,0,0,0,0,0,0,0,0,1,0,0,0
1984,10,1033,1.1751,91.3,146236,167769,94.6,1.685,2138,-0.0019342,-0.0262046,-0.0010947,0.0008962,0.0019271,-0.0157318,0,0,0,0,0,0,0,0,0,0,0,1,0,0
1984,11,1040,1.0304,89.4,144560,169763,93.3,1.6896,2141,0.0067535,-0.1314061,-0.0210301,-0.0115271,0.0118153,-0.0138373,0.0027263,0.0014022,0,0,0,0,0,0,0,0,0,0,1,0
1984,12,1048,0.74067,88.6,144303,168225,91.2,1.6909,2138,0.0076629,-0.3301472,-0.0089889,-0.0017794,-0.009101,-0.0227653,0.0007691,-0.0014022,0,0,0,0,0,0,0,0,0,0,0,1
1985,1,1042,0.58802,86.1,143052,171980,92.1,1.6909,2146,-0.0057416,-0.2307942,-0.0286224,-0.0087071,0.0220758,0.0098201,0,0.0037348,1,0,0,0,0,0,0,0,0,0,0,0
1985,2,1048,0.66389,83.9,142841,172849,95.1,1.6934,2147,0.0057416,0.1213555,-0.0258838,-0.0014761,0.0050402,0.032054,0.0014774,0.0004659,0,1,0,0,0,0,0,0,0,0,0,0
1985,3,1056,0.90269,83.9,146643,177977,94.1,1.6943,2148,0.0076046,0.3072627,0,0.0262689,0.0292359,-0.0105709,0.0005314,0.0004657,0,0,1,0,0,0,0,0,0,0,0,0
1985,4,1052,1.0951,84.2,146698,178237,93.2,1.6943,2148,-0.0037951,0.1932218,0.0035693,0.000375,0.0014598,-0.0096103,0,0,0,0,0,1,0,0,0,0,0,0,0,0
1985,5,1067,1.1728,84.7,145621,182316,93.1,1.6961,2149,0.0141579,0.0685483,0.0059207,-0.0073687,0.0226273,-0.0010735,0.0010618,0.0004654,0,0,0,0,1,0,0,0,0,0,0,0
1985,6,1062,1.2526,84.6,143612,181306,95.4,1.6988,2151,-0.004697,0.0658273,-0.0011813,-0.0138921,-0.0055552,0.0244044,0.0015906,0.0009302,0,0,0,0,0,1,0,0,0,0,0,0
1985,7,1051,1.2102,84.4,143209,180695,92.5,1.6988,2156,-0.0104118,-0.0344358,-0.0023668,-0.0028101,-0.0033757,-0.0308699,0,0.0023218,0,0,0,0,0,0,1,0,0,0,0,0
1985,8,1053,1.2551,83.7,144915,179714,95.9,1.7042,2157,0.0019011,0.0364297,-0.0083285,0.0118423,-0.0054438,0.0360974,0.0031737,0.0004637,0,0,0,0,0,0,0,1,0,0,0,0
1985,9,1048,1.2306,83.9,146210,181340,97.2,1.7036,2151,-0.0047596,-0.0197134,0.0023867,0.0088966,0.009007,0.0134647,-0.0003521,-0.0027855,0,0,0,0,0,0,0,0,1,0,0,0
1985,10,1043,1.1958,84.3,146962,179023,95.2,1.7036,2151,-0.0047824,-0.0286865,0.0047563,0.0051301,-0.0128594,-0.0207908,0,0,0,0,0,0,0,0,0,0,0,1,0,0
1985,11,1034,0.91457,84.7,148060,180264,94.7,1.7023,2153,-0.0086664,-0.2681167,0.0047337,0.0074435,0.0069082,-0.0052659,-0.0007634,0.0009294,0,0,0,0,0,0,0,0,0,0,1,0
1985,12,1041,0.71801,85.1,151364,182505,94.3,1.7022,2150,0.006747,-0.2419705,0.0047115,0.0220699,0.0123551,-0.0042327,-0.0000587,-0.0013944,0,0,0,0,0,0,0,0,0,0,0,1
1986,1,1050,0.67,84.3,155230,185590,95.2,1.7022,2157,0.0086084,-0.0692058,-0.0094451,0.0252204,0.0167624,0.0094987,0,0.0032505,1,0,0,0,0,0,0,0,0,0,0,0
1986,2,1046,0.68915,66.7,158478,183655,96.2,1.7021,2160,-0.0038168,0.0281812,-0.234177,0.0207079,-0.0104809,0.0104494,-0.0000588,0.0013899,0,1,0,0,0,0,0,0,0,0,0,0
1986,3,1044,0.87893,48.2,160554,177345,94.2,1.7046,2160,-0.0019139,0.2432463,-0.3248459,0.0130146,-0.034962,-0.0210092,0.0014677,0,0,0,1,0,0,0,0,0,0,0,0,0
1986,4,1050,1.1,41,162307,179063,93.7,1.7046,2150,0.0057307,0.2243603,-0.161787,0.0108593,0.0096407,-0.005322,0,-0.0046404,0,0,0,1,0,0,0,0,0,0,0,0
1986,5,1038,1.1189,40,165601,175261,93.2,1.7096,2150,-0.0114944,0.0170358,-0.0246926,0.0200917,-0.0214614,-0.0053505,0.0029289,0,0,0,0,0,1,0,0,0,0,0,0,0
1986,6,1033,1.2324,41,168921,174744,95.7,1.7117,2143,-0.0048286,0.0966174,0.0246926,0.0198499,-0.0029542,0.0264706,0.0012276,-0.0032611,0,0,0,0,0,1,0,0,0,0,0,0
1986,7,1026,1.182,37.2,171967,175269,93.5,1.7117,2150,-0.0067994,-0.0417555,-0.0972633,0.0178714,0.0029999,-0.0232568,0,0.0032611,0,0,0,0,0,0,1,0,0,0,0,0
1986,8,1024,1.2458,36,171850,175837,96.7,1.7157,2161,-0.0019512,0.05257,-0.0327898,-0.0006806,0.0032355,0.0336519,0.0023342,0.0051032,0,0,0,0,0,0,0,1,0,0,0,0
1986,9,1027,1.1986,42.5,173031,176445,97.1,1.7148,2169,0.0029254,-0.0386237,0.1659851,0.0068488,0.0034518,0.004128,-0.0005247,0.0036952,0,0,0,0,0,0,0,0,1,0,0,0
1986,10,1027,1.225,42.1,175706,178717,96.8,1.7148,2177,0,0.0217866,-0.0094564,0.0153414,0.0127943,-0.0030943,0,0.0036816,0,0,0,0,0,0,0,0,0,1,0,0
1986,11,1018,0.9703,41.9,175428,173609,95.9,1.7128,2181,-0.008802,-0.2330908,-0.0047618,-0.0015834,-0.0289979,-0.009341,-0.001167,0.0018357,0,0,0,0,0,0,0,0,0,0,1,0
1986,12,992,0.76218,42,174750,174535,95.2,1.7135,2178,-0.0258721,-0.2414226,0.0023838,-0.0038723,0.0053197,-0.0073261,0.0004086,-0.0013765,0,0,0,0,0,0,0,0,0,0,0,1
1987,1,1001,0.64638,50.4,172156,172198,95.3,1.7135,2179,0.0090317,-0.1647951,0.1823216,-0.0149553,-0.0134803,0.0010499,0,0.000459,1,0,0,0,0,0,0,0,0,0,0,0
1987,2,1008,0.70171,52.4,169698,174629,98.5,1.715,2172,0.0069687,0.0821326,0.0389154,-0.0143807,0.0140187,0.0330267,0.000875,-0.0032177,0,1,0,0,0,0,0,0,0,0,0,0
1987,3,1012,0.88107,52.3,171679,172046,98,1.7163,2168,0.0039604,0.2276169,-0.0019103,0.0116061,-0.0149018,-0.0050891,0.0007577,-0.0018433,0,0,1,0,0,0,0,0,0,0,0,0
1987,4,1008,1.0723,53.2,172451,172539,96.9,1.7163,2158,-0.0039604,0.196424,0.0170621,0.0044867,0.0028614,-0.0112879,0,-0.0046232,0,0,0,1,0,0,0,0,0,0,0,0
1987,5,1012,1.1399,54.7,171809,175127,97.5,1.7189,2153,0.0039604,0.0611347,0.0278053,-0.0037297,0.0148881,0.0061728,0.0015137,-0.0023196,0,0,0,0,1,0,0,0,0,0,0,0
1987,6,1012,1.2361,56.4,169802,172618,101.7,1.7202,2151,0,0.0810207,0.0306055,-0.0117503,-0.0144304,0.0421749,0.000756,-0.0009294,0,0,0,0,0,1,0,0,0,0,0,0
1987,7,1011,1.2226,59.8,169131,177167,99.1,1.7202,2158,-0.0009886,-0.0109815,0.0585365,-0.0039595,0.0260117,-0.0258978,0,0.003249,0,0,0,0,0,0,1,0,0,0,0,0
1987,8,1011,1.2045,61.1,168988,177867,103.1,1.7229,2167,0,-0.0149152,0.0215062,-0.0008459,0.0039433,0.03957,0.0015684,0.0041619,0,0,0,0,0,0,0,1,0,0,0,0
1987,9,1011,1.2311,57.8,170513,181700,103.5,1.722,2174,0,0.0218435,-0.0555231,0.0089838,0.0213209,0.0038722,-0.0005225,0.0032251,0,0,0,0,0,0,0,0,1,0,0,0
1987,10,1010,1.266,56.9,172265,178722,103.7,1.722,2172,-0.0009896,0.0279543,-0.0156934,0.0102224,-0.0165254,0.0019305,0,-0.0009204,0,0,0,0,0,0,0,0,0,1,0,0
1987,11,1009,1.0326,56.6,172356,180987,102,1.7203,2174,-0.0009906,-0.2037824,-0.0052864,0.0005281,0.0125937,-0.0165293,-0.0009877,0.0009204,0,0,0,0,0,0,0,0,0,0,1,0
1987,12,1006,0.76509,54.1,173406,181307,100.8,1.7195,2167,-0.0029777,-0.2998418,-0.0451748,0.0060736,0.0017665,-0.0118344,-0.0004652,-0.0032251,0,0,0,0,0,0,0,0,0,0,0,1
1988,1,1007,0.55372,50.1,171740,173367,102.4,1.7195,2166,0.0009935,-0.3233343,-0.0768132,-0.009654,-0.044781,0.0157483,0,-0.0004616,1,0,0,0,0,0,0,0,0,0,0,0
1988,2,1015,0.5869,49.7,169335,173770,104.7,1.7178,2162,0.007913,0.0581953,-0.008016,-0.0141027,0.0023219,0.0222124,-0.0009891,-0.0018484,0,1,0,0,0,0,0,0,0,0,0,0
1988,3,1011,0.90309,47.2,174497,179279,103.6,1.7177,2142,-0.0039487,0.4309678,-0.051611,0.0300285,0.0312107,-0.0105618,-0.0000582,-0.0092937,0,0,1,0,0,0,0,0,0,0,0,0
1988,4,1016,1.0537,49.1,175477,177575,103,1.7177,2108,0.0049334,0.1542408,0.0394651,0.0056004,-0.0095502,-0.0058083,0,-0.0160003,0,0,0,1,0,0,0,0,0,0,0,0
1988,5,1023,1.1722,51.5,174818,178426,103.2,1.7174,2100,0.0068661,0.1065745,0.0477228,-0.0037625,0.0047809,0.0019398,-0.0001747,-0.0038023,0,0,0,0,1,0,0,0,0,0,0,0
1988,6,1017,1.2952,50.6,174204,179642,106.4,1.7166,2104,-0.0058824,0.0997828,-0.0176303,-0.0035184,0.006792,0.0305368,-0.0004659,0.001903,0,0,0,0,0,1,0,0,0,0,0,0
1988,7,1015,1.156,45.7,173893,178994,104.3,1.7166,2111,-0.0019685,-0.1136993,-0.1018532,-0.0017869,-0.0036137,-0.0199342,0,0.0033215,0,0,0,0,0,0,1,0,0,0,0,0
1988,8,1014,1.2296,45,174545,175978,108.6,1.7149,2122,-0.0009857,0.0617231,-0.0154358,0.0037424,-0.0169933,0.0404,-0.0009908,0.0051973,0,0,0,0,0,0,0,1,0,0,0,0
1988,9,1009,1.2296,42.6,175196,177680,108.8,1.7155,2138,-0.0049432,0,-0.0548083,0.0037228,0.0096252,0.00184,0.0003498,0.0075118,0,0,0,0,0,0,0,0,1,0,0,0
1988,10,1007,1.2471,39.3,176587,175160,107.9,1.7155,2130,-0.0019841,0.014132,-0.0806297,0.0079083,-0.0142843,-0.0083065,0,-0.0037488,0,0,0,0,0,0,0,0,0,1,0,0
1988,11,1006,1.0273,39.2,177390,178000,106.5,1.7168,2130,-0.0009935,-0.1938868,-0.0025477,0.004537,0.0160837,-0.0130599,0.0007575,0,0,0,0,0,0,0,0,0,0,0,1,0
1988,12,1006,0.82289,44.3,177458,185450,105.5,1.7151,2122,0,-0.2218668,0.1223079,0.0003833,0.0410018,-0.009434,-0.0009907,-0.0037629,0,0,0,0,0,0,0,0,0,0,0,1
1989,1,1007,0.70233,49.7,175363,181392,106.3,1.7151,2124,0.0009935,-0.1584191,0.1150203,-0.0118759,-0.0221249,0.0075544,0,0.0009421,1,0,0,0,0,0,0,0,0,0,0,0
1989,2,1002,0.65215,50.3,171328,176484,108.2,1.7118,2123,-0.0049776,-0.0741288,0.0120001,-0.0232783,-0.0274302,0.017716,-0.001926,-0.0004709,0,1,0,0,0,0,0,0,0,0,0,0
1989,3,1002,0.83809,53.9,171693,174283,107.2,1.7121,2116,0,0.2508509,0.0691254,0.0021282,-0.0125498,-0.0092851,0.0001753,-0.0033027,0,0,1,0,0,0,0,0,0,0,0,0
1989,4,1012,1.0822,58.9,171715,172274,107.9,1.7121,2110,0.0099306,0.2556258,0.0887106,0.0001281,-0.0115942,0.0065087,0,-0.0028396,0,0,0,1,0,0,0,0,0,0,0,0
1989,5,1012,1.1061,59.5,169085,179373,106.5,1.7128,2111,0,0.0218442,0.0101352,-0.0154346,0.0403812,-0.0130599,0.0004088,0.0004738,0,0,0,0,1,0,0,0,0,0,0,0
1989,6,1012,1.2168,58.3,166863,178363,110,1.7133,2115,0,0.0953842,-0.0203742,-0.0132284,-0.0056466,0.0323354,0.0002919,0.001893,0,0,0,0,0,1,0,0,0,0,0,0
1989,7,1012,1.1555,59.9,166950,176490,106,1.7133,2116,0,-0.0516912,0.0270745,0.0005212,-0.0105566,-0.0370413,0,0.0004727,0,0,0,0,0,0,1,0,0,0,0,0
1989,8,1009,1.2847,53.5,164461,181205,110.5,1.7145,,-0.0029688,0.1059921,-0.1129949,-0.0150209,0.0263648,0.0415764,0.0007001,,0,0,0,0,0,0,0,1,0,0,0,0
1989,9,1016,1.1951,56.2,162946,182793,110.9,,,0.0069136,-0.0722954,0.0492351,-0.0092546,0.0087254,0.0036134,,,0,0,0,0,0,0,0,0,1,0,0,0
1989,10,1017,1.2739,57.6,163195,178832,109.2,,,0.0009838,0.0638533,0.0246058,0.0015269,-0.0219075,-0.0154479,,,0,0,0,0,0,0,0,0,0,1,0,0
1989,11,1016,,57.6,163079,182570,107.7,,,-0.0009838,,0,-0.0007111,0.0206868,-0.0138315,,,0,0,0,0,0,0,0,0,0,0,1,0
1989,12,1017,,59.8,163180,182283,106.8,,,0.0009838,,0.0374831,0.0006191,-0.0015732,-0.0083916,,,0,0,0,0,0,0,0,0,0,0,0,1
