year,educ,meduc,feduc,age,agesq,kids,black,east,northcen,west,farm,othrural,town,smcity,y74,y76,y78,y80,y82,y84
72,12,8,8,48,2304,4,0,0,1,0,0,0,0,0,0,0,0,0,0,0
72,17,8,18,46,2116,3,0,0,0,0,0,1,0,0,0,0,0,0,0,0
72,12,7,8,53,2809,2,0,0,1,0,0,1,0,0,0,0,0,0,0,0
72,12,12,10,42,1764,2,0,0,1,0,0,0,1,0,0,0,0,0,0,0
72,12,3,8,51,2601,2,0,0,0,0,1,0,0,0,0,0,0,0,0,0
72,8,8,8,50,2500,4,0,0,1,0,1,0,0,0,0,0,0,0,0,0
72,12,12,10,47,2209,0,0,0,1,0,0,0,1,0,0,0,0,0,0,0
72,10,12,5,46,2116,1,0,0,1,0,0,0,0,0,0,0,0,0,0,0
72,12,8,8,41,1681,2,0,0,1,0,0,0,0,0,0,0,0,0,0,0
72,12,6,13,36,1296,4,0,0,1,0,1,0,0,0,0,0,0,0,0,0
72,14,16,13,36,1296,2,0,0,0,1,0,0,0,0,0,0,0,0,0,0
72,11,12,10,39,1521,4,0,0,1,0,0,0,1,0,0,0,0,0,0,0
72,12,5,3,49,2401,5,0,0,1,0,0,0,1,0,0,0,0,0,0,0
72,11,4,8,53,2809,5,0,0,1,0,1,0,0,0,0,0,0,0,0,0
72,18,10,18,38,1444,5,0,0,0,1,0,1,0,0,0,0,0,0,0,0
72,14,16,12,39,1521,5,0,1,0,0,0,0,1,0,0,0,0,0,0,0
72,10,1,6,45,2025,5,1,0,0,0,0,1,0,0,0,0,0,0,0,0
72,16,16,16,41,1681,4,0,0,1,0,0,0,0,0,0,0,0,0,0,0
72,12,8,8,41,1681,3,0,0,1,0,0,0,0,0,0,0,0,0,0,0
72,8,8,8,48,2304,2,0,0,0,0,0,0,1,0,0,0,0,0,0,0
72,17,4,4,53,2809,1,0,1,0,0,0,0,0,0,0,0,0,0,0,0
72,12,5,5,44,1936,3,0,1,0,0,0,0,1,0,0,0,0,0,0,0
72,12,8,6,43,1849,2,0,0,0,0,1,0,0,0,0,0,0,0,0,0
72,8,0,0,52,2704,0,0,1,0,0,0,0,1,0,0,0,0,0,0,0
72,14,8,14,47,2209,2,0,1,0,0,0,0,0,1,0,0,0,0,0,0
72,12,12,8,39,1521,0,0,0,1,0,1,0,0,0,0,0,0,0,0,0
72,12,8,7,44,1936,5,0,1,0,0,0,0,0,1,0,0,0,0,0,0
72,8,8,8,43,1849,5,0,1,0,0,0,0,0,1,0,0,0,0,0,0
72,12,8,8,44,1936,4,0,1,0,0,0,0,0,1,0,0,0,0,0,0
72,9,8,8,43,1849,6,0,1,0,0,0,0,0,1,0,0,0,0,0,0
72,12,0,5,43,1849,3,0,1,0,0,0,0,1,0,0,0,0,0,0,0
72,12,9,7,42,1764,0,1,0,0,0,0,0,1,0,0,0,0,0,0,0
72,12,12,12,53,2809,1,0,1,0,0,0,1,0,0,0,0,0,0,0,0
72,12,9,14,45,2025,1,0,0,0,0,1,0,0,0,0,0,0,0,0,0
72,12,6,10,51,2601,5,0,1,0,0,0,0,1,0,0,0,0,0,0,0
72,13,0,0,46,2116,1,1,0,0,0,0,0,0,0,0,0,0,0,0,0
72,8,8,8,36,1296,3,0,0,0,0,1,0,0,0,0,0,0,0,0,0
72,9,6,6,50,2500,0,0,0,1,0,0,0,0,0,0,0,0,0,0,0
72,8,0,0,50,2500,1,0,0,1,0,0,0,0,0,0,0,0,0,0,0
72,12,6,8,44,1936,3,0,1,0,0,0,0,0,1,0,0,0,0,0,0
72,12,8,8,42,1764,3,0,1,0,0,0,0,1,0,0,0,0,0,0,0
72,16,12,13,42,1764,7,0,0,1,0,0,0,1,0,0,0,0,0,0,0
72,15,10,12,53,2809,0,0,0,1,0,0,0,1,0,0,0,0,0,0,0
72,12,14,12,36,1296,3,0,0,0,1,0,0,1,0,0,0,0,0,0,0
72,11,7,7,42,1764,5,0,0,0,0,0,0,0,0,0,0,0,0,0,0
72,16,8,13,40,1600,3,0,0,0,1,0,0,1,0,0,0,0,0,0,0
72,12,7,8,52,2704,2,0,1,0,0,0,0,0,0,0,0,0,0,0,0
72,12,8,6,43,1849,3,0,1,0,0,0,0,0,0,0,0,0,0,0,0
72,14,4,8,36,1296,1,0,1,0,0,0,0,1,0,0,0,0,0,0,0
72,14,7,12,48,2304,7,0,0,1,0,1,0,0,0,0,0,0,0,0,0
72,7,3,6,49,2401,5,0,0,1,0,1,0,0,0,0,0,0,0,0,0
72,12,8,8,41,1681,5,0,0,1,0,1,0,0,0,0,0,0,0,0,0
72,12,8,16,47,2209,5,0,0,1,0,0,0,1,0,0,0,0,0,0,0
72,12,12,12,48,2304,4,0,1,0,0,0,0,0,1,0,0,0,0,0,0
72,12,11,9,47,2209,2,0,0,0,0,1,0,0,0,0,0,0,0,0,0
72,12,12,9,36,1296,6,0,1,0,0,0,0,1,0,0,0,0,0,0,0
72,8,4,8,44,1936,4,0,0,0,0,0,0,1,0,0,0,0,0,0,0
72,9,7,7,46,2116,3,0,0,0,0,1,0,0,0,0,0,0,0,0,0
72,14,8,8,46,2116,3,0,0,0,0,1,0,0,0,0,0,0,0,0,0
72,8,0,0,50,2500,6,0,0,0,0,1,0,0,0,0,0,0,0,0,0
72,9,3,8,45,2025,2,0,0,1,0,0,0,0,0,0,0,0,0,0,0
72,12,8,8,43,1849,4,0,0,0,0,0,0,0,0,0,0,0,0,0,0
72,12,8,7,53,2809,2,1,1,0,0,0,0,1,0,0,0,0,0,0,0
72,12,9,11,35,1225,2,1,0,0,0,0,0,0,0,0,0,0,0,0,0
72,14,8,12,51,2601,3,0,0,1,0,0,0,0,0,0,0,0,0,0,0
72,11,6,9,45,2025,5,0,0,1,0,0,0,0,0,0,0,0,0,0,0
72,14,12,12,44,1936,3,0,0,0,0,1,0,0,0,0,0,0,0,0,0
72,14,12,14,49,2401,0,0,0,0,0,1,0,0,0,0,0,0,0,0,0
72,14,9,12,38,1444,6,0,0,1,0,0,0,0,1,0,0,0,0,0,0
72,16,8,10,51,2601,2,0,0,0,1,1,0,0,0,0,0,0,0,0,0
72,16,12,12,53,2809,3,0,1,0,0,0,0,0,1,0,0,0,0,0,0
72,12,12,12,49,2401,0,0,1,0,0,0,0,1,0,0,0,0,0,0,0
72,12,6,7,46,2116,5,0,1,0,0,0,0,1,0,0,0,0,0,0,0
72,12,8,13,48,2304,3,0,0,1,0,1,0,0,0,0,0,0,0,0,0
72,12,13,8,43,1849,5,0,0,0,1,0,0,0,1,0,0,0,0,0,0
72,13,3,12,49,2401,3,1,0,0,1,0,0,0,0,0,0,0,0,0,0
72,12,5,6,36,1296,3,0,0,0,0,0,0,0,0,0,0,0,0,0,0
72,15,12,9,36,1296,2,0,1,0,0,0,0,0,0,0,0,0,0,0,0
72,12,10,10,35,1225,2,0,0,0,0,1,0,0,0,0,0,0,0,0,0
72,15,16,16,42,1764,3,0,0,1,0,0,0,0,1,0,0,0,0,0,0
72,9,8,8,54,2916,5,0,0,0,1,0,0,1,0,0,0,0,0,0,0
72,12,12,8,45,2025,2,0,0,1,0,0,0,0,1,0,0,0,0,0,0
72,8,0,0,53,2809,4,1,0,0,0,0,0,1,0,0,0,0,0,0,0
72,15,16,16,48,2304,2,0,0,0,0,0,0,0,0,0,0,0,0,0,0
72,12,8,8,53,2809,3,0,0,0,0,0,1,0,0,0,0,0,0,0,0
72,12,3,2,41,1681,5,0,1,0,0,0,1,0,0,0,0,0,0,0,0
72,12,6,4,51,2601,2,0,1,0,0,0,1,0,0,0,0,0,0,0,0
72,12,8,8,54,2916,2,0,1,0,0,0,0,0,0,0,0,0,0,0,0
72,8,2,2,44,1936,3,1,0,0,0,0,0,1,0,0,0,0,0,0,0
72,12,4,7,35,1225,6,1,0,0,0,0,0,1,0,0,0,0,0,0,0
72,8,0,0,42,1764,5,1,0,0,0,0,0,1,0,0,0,0,0,0,0
72,10,12,9,51,2601,2,0,0,1,0,0,0,0,0,0,0,0,0,0,0
72,12,14,10,38,1444,2,0,0,0,1,1,0,0,0,0,0,0,0,0,0
72,12,6,8,51,2601,3,0,0,0,0,1,0,0,0,0,0,0,0,0,0
72,11,7,7,49,2401,1,0,0,0,0,0,0,1,0,0,0,0,0,0,0
72,12,10,12,39,1521,6,0,0,0,1,0,0,1,0,0,0,0,0,0,0
72,12,12,16,53,2809,0,0,0,0,1,0,0,0,0,0,0,0,0,0,0
72,12,7,12,50,2500,6,0,0,0,1,0,0,1,0,0,0,0,0,0,0
72,11,8,10,36,1296,5,0,0,0,1,0,0,0,1,0,0,0,0,0,0
72,12,9,12,36,1296,2,0,1,0,0,0,1,0,0,0,0,0,0,0,0
72,13,12,12,41,1681,3,0,1,0,0,0,0,0,0,0,0,0,0,0,0
72,12,12,12,43,1849,1,0,1,0,0,0,0,1,0,0,0,0,0,0,0
72,12,12,13,43,1849,4,0,0,0,1,0,0,0,0,0,0,0,0,0,0
72,18,10,12,52,2704,0,0,0,0,1,1,0,0,0,0,0,0,0,0,0
72,19,14,8,47,2209,2,0,0,1,0,0,0,1,0,0,0,0,0,0,0
72,16,20,15,44,1936,1,0,0,0,0,0,0,0,1,0,0,0,0,0,0
72,16,16,14,35,1225,2,0,0,0,0,0,0,0,1,0,0,0,0,0,0
72,12,8,4,51,2601,2,0,1,0,0,0,0,1,0,0,0,0,0,0,0
72,12,8,12,46,2116,4,0,1,0,0,0,0,0,0,0,0,0,0,0,0
72,6,0,0,54,2916,0,0,0,0,0,0,0,0,0,0,0,0,0,0,0
72,12,8,8,43,1849,3,0,1,0,0,0,0,0,0,0,0,0,0,0,0
72,13,13,12,47,2209,2,0,0,1,0,0,0,1,0,0,0,0,0,0,0
72,12,8,12,36,1296,0,0,0,0,1,0,1,0,0,0,0,0,0,0,0
72,12,8,13,42,1764,2,0,0,0,1,0,0,0,0,0,0,0,0,0,0
72,8,8,8,49,2401,3,0,1,0,0,0,0,1,0,0,0,0,0,0,0
72,11,7,8,54,2916,6,1,0,0,0,0,0,1,0,0,0,0,0,0,0
72,12,4,7,46,2116,1,0,0,0,0,1,0,0,0,0,0,0,0,0,0
72,10,7,7,50,2500,1,0,0,0,0,0,1,0,0,0,0,0,0,0,0
72,13,11,14,48,2304,4,0,0,0,0,0,0,0,1,0,0,0,0,0,0
72,14,10,10,53,2809,1,0,0,0,0,1,0,0,0,0,0,0,0,0,0
72,12,5,4,38,1444,2,0,0,0,0,1,0,0,0,0,0,0,0,0,0
72,15,16,12,44,1936,6,0,0,1,0,0,0,0,0,0,0,0,0,0,0
72,8,12,6,48,2304,0,0,0,0,0,0,0,1,0,0,0,0,0,0,0
72,9,0,3,37,1369,6,0,0,0,1,0,0,0,1,0,0,0,0,0,0
72,11,5,8,46,2116,4,0,0,0,0,0,0,1,0,0,0,0,0,0,0
72,12,9,7,48,2304,7,0,1,0,0,0,0,1,0,0,0,0,0,0,0
72,13,11,12,41,1681,1,0,0,0,1,0,0,1,0,0,0,0,0,0,0
72,16,6,8,49,2401,3,0,1,0,0,0,0,0,1,0,0,0,0,0,0
72,12,9,6,38,1444,4,1,0,0,0,0,0,1,0,0,0,0,0,0,0
72,12,10,8,44,1936,1,0,0,1,0,0,0,1,0,0,0,0,0,0,0
72,12,8,6,47,2209,1,0,0,1,0,0,1,0,0,0,0,0,0,0,0
72,10,8,8,42,1764,4,0,1,0,0,0,0,0,0,0,0,0,0,0,0
72,12,12,12,51,2601,6,0,0,0,0,0,0,0,0,0,0,0,0,0,0
72,13,12,13,48,2304,5,0,0,0,0,0,0,0,0,0,0,0,0,0,0
72,12,8,6,44,1936,4,0,1,0,0,0,0,1,0,0,0,0,0,0,0
72,15,8,11,37,1369,6,0,1,0,0,0,1,0,0,0,0,0,0,0,0
72,10,0,4,47,2209,5,0,0,0,0,0,0,1,0,0,0,0,0,0,0
72,12,3,7,39,1521,2,0,0,0,0,0,0,1,0,0,0,0,0,0,0
72,10,6,6,46,2116,0,0,0,0,0,0,0,1,0,0,0,0,0,0,0
72,16,6,6,50,2500,4,0,1,0,0,0,0,0,0,0,0,0,0,0,0
72,16,8,16,35,1225,4,0,1,0,0,0,0,1,0,0,0,0,0,0,0
72,12,10,8,48,2304,4,0,1,0,0,0,0,0,0,0,0,0,0,0,0
72,12,0,0,51,2601,2,0,1,0,0,0,0,0,0,0,0,0,0,0,0
72,10,8,8,42,1764,4,0,1,0,0,0,0,0,0,0,0,0,0,0,0
72,11,9,14,42,1764,4,0,1,0,0,0,0,0,0,0,0,0,0,0,0
72,16,12,12,45,2025,3,0,1,0,0,0,0,1,0,0,0,0,0,0,0
72,16,12,6,36,1296,0,0,1,0,0,0,0,0,0,0,0,0,0,0,0
72,12,8,8,41,1681,2,0,1,0,0,0,0,0,0,0,0,0,0,0,0
72,12,10,12,39,1521,3,0,1,0,0,0,0,1,0,0,0,0,0,0,0
72,13,12,8,46,2116,6,0,1,0,0,0,0,0,0,0,0,0,0,0,0
72,11,12,9,48,2304,2,0,1,0,0,0,0,0,0,0,0,0,0,0,0
72,12,8,8,38,1444,4,0,1,0,0,0,0,0,0,0,0,0,0,0,0
72,14,12,10,44,1936,5,1,0,1,0,0,0,0,1,0,0,0,0,0,0
72,12,16,13,47,2209,0,0,0,0,0,0,0,0,0,0,0,0,0,0,0
72,16,12,12,49,2401,2,0,0,0,1,1,0,0,0,0,0,0,0,0,0
72,12,6,6,42,1764,3,0,0,0,0,0,0,1,0,0,0,0,0,0,0
74,12,10,11,54,2916,1,0,0,0,0,1,0,0,0,1,0,0,0,0,0
74,13,6,11,35,1225,3,0,0,0,0,0,0,1,0,1,0,0,0,0,0
74,12,12,9,48,2304,7,0,0,0,1,0,0,1,0,1,0,0,0,0,0
74,12,4,4,50,2500,3,0,0,0,0,1,0,0,0,1,0,0,0,0,0
74,15,17,8,52,2704,1,0,0,1,0,0,0,1,0,1,0,0,0,0,0
74,12,12,11,40,1600,3,0,0,0,0,0,0,0,1,1,0,0,0,0,0
74,8,7,8,52,2704,0,0,0,0,1,0,1,0,0,1,0,0,0,0,0
74,11,3,8,52,2704,4,0,0,0,1,0,0,1,0,1,0,0,0,0,0
74,16,8,12,44,1936,4,1,0,0,1,0,0,1,0,1,0,0,0,0,0
74,12,6,12,53,2809,2,0,0,1,0,0,0,1,0,1,0,0,0,0,0
74,15,12,11,42,1764,4,0,0,1,0,0,1,0,0,1,0,0,0,0,0
74,15,9,9,43,1849,2,0,0,0,1,0,0,0,0,1,0,0,0,0,0
74,13,3,10,39,1521,0,0,0,0,1,0,1,0,0,1,0,0,0,0,0
74,12,4,5,53,2809,5,0,0,0,1,0,0,1,0,1,0,0,0,0,0
74,20,8,9,43,1849,3,0,0,0,0,1,0,0,0,1,0,0,0,0,0
74,13,8,12,42,1764,5,0,0,0,1,0,0,0,0,1,0,0,0,0,0
74,13,8,8,54,2916,3,0,0,1,0,0,1,0,0,1,0,0,0,0,0
74,15,18,12,38,1444,4,0,0,0,1,0,0,0,0,1,0,0,0,0,0
74,11,9,9,41,1681,4,1,0,0,1,0,0,0,1,1,0,0,0,0,0
74,16,12,13,43,1849,3,0,1,0,0,0,0,0,0,1,0,0,0,0,0
74,14,16,12,46,2116,6,0,1,0,0,0,0,0,0,1,0,0,0,0,0
74,12,8,8,54,2916,4,0,0,0,1,0,0,0,0,1,0,0,0,0,0
74,9,4,8,45,2025,2,0,0,0,1,0,0,1,0,1,0,0,0,0,0
74,13,9,9,38,1444,4,0,0,1,0,0,0,1,0,1,0,0,0,0,0
74,12,7,12,44,1936,2,0,0,0,1,1,0,0,0,1,0,0,0,0,0
74,9,4,4,50,2500,4,0,1,0,0,0,0,0,0,1,0,0,0,0,0
74,12,12,12,39,1521,2,0,1,0,0,0,0,0,0,1,0,0,0,0,0
74,12,8,8,52,2704,1,0,1,0,0,0,0,0,1,1,0,0,0,0,0
74,12,12,16,52,2704,3,0,0,1,0,0,1,0,0,1,0,0,0,0,0
74,12,0,6,49,2401,1,0,1,0,0,0,0,1,0,1,0,0,0,0,0
74,13,14,13,47,2209,2,0,0,0,0,0,0,0,0,1,0,0,0,0,0
74,12,12,10,39,1521,2,0,1,0,0,0,0,0,1,1,0,0,0,0,0
74,12,8,8,42,1764,4,0,0,0,0,0,0,1,0,1,0,0,0,0,0
74,7,5,9,45,2025,6,0,0,0,0,0,0,1,0,1,0,0,0,0,0
74,14,16,12,40,1600,3,0,0,0,0,0,0,1,0,1,0,0,0,0,0
74,10,6,3,54,2916,3,1,0,0,0,0,0,0,1,1,0,0,0,0,0
74,12,9,9,46,2116,3,0,0,0,0,0,0,0,0,1,0,0,0,0,0
74,12,0,0,52,2704,3,0,0,1,0,0,0,0,1,1,0,0,0,0,0
74,18,9,11,44,1936,3,1,0,0,0,0,0,1,0,1,0,0,0,0,0
74,13,7,8,42,1764,1,0,0,0,0,0,0,0,0,1,0,0,0,0,0
74,12,5,12,53,2809,2,0,0,0,0,0,0,0,0,1,0,0,0,0,0
74,12,7,7,39,1521,3,0,0,0,0,0,0,1,0,1,0,0,0,0,0
74,17,14,16,54,2916,2,0,0,0,0,1,0,0,0,1,0,0,0,0,0
74,12,12,12,38,1444,3,0,0,1,0,0,0,0,0,1,0,0,0,0,0
74,14,15,12,51,2601,5,0,0,1,0,0,0,0,0,1,0,0,0,0,0
74,14,12,10,44,1936,4,0,1,0,0,0,0,0,0,1,0,0,0,0,0
74,17,16,10,47,2209,4,0,0,1,0,0,0,0,0,1,0,0,0,0,0
74,12,12,8,53,2809,3,0,0,1,0,0,0,0,0,1,0,0,0,0,0
74,12,8,4,51,2601,2,0,0,1,0,0,0,0,0,1,0,0,0,0,0
74,13,6,8,49,2401,5,0,0,1,0,0,0,0,0,1,0,0,0,0,0
74,14,8,8,54,2916,2,0,0,1,0,0,0,0,0,1,0,0,0,0,0
74,12,12,12,36,1296,4,0,0,1,0,0,0,1,0,1,0,0,0,0,0
74,10,6,6,42,1764,4,1,0,0,0,1,0,0,0,1,0,0,0,0,0
74,11,10,10,40,1600,3,0,0,1,0,0,0,0,1,1,0,0,0,0,0
74,12,12,16,38,1444,2,0,0,1,0,0,0,1,0,1,0,0,0,0,0
74,15,6,6,48,2304,6,1,0,1,0,0,0,0,1,1,0,0,0,0,0
74,12,12,10,43,1849,4,0,0,1,0,1,0,0,0,1,0,0,0,0,0
74,12,12,12,51,2601,1,0,0,1,0,0,0,0,1,1,0,0,0,0,0
74,12,14,12,38,1444,5,0,0,0,0,0,0,0,0,1,0,0,0,0,0
74,13,11,12,37,1369,3,1,0,0,0,0,1,0,0,1,0,0,0,0,0
74,16,14,12,40,1600,2,0,0,0,0,0,0,0,0,1,0,0,0,0,0
74,12,6,0,50,2500,4,0,1,0,0,1,0,0,0,1,0,0,0,0,0
74,12,7,7,54,2916,1,0,1,0,0,0,0,0,1,1,0,0,0,0,0
74,13,13,5,51,2601,5,0,0,1,0,0,0,0,0,1,0,0,0,0,0
74,12,12,14,41,1681,2,0,0,1,0,0,0,1,0,1,0,0,0,0,0
74,12,8,8,48,2304,2,0,0,1,0,0,0,0,0,1,0,0,0,0,0
74,15,4,8,40,1600,3,0,0,1,0,1,0,0,0,1,0,0,0,0,0
74,12,4,4,46,2116,2,0,0,1,0,0,0,1,0,1,0,0,0,0,0
74,12,8,8,39,1521,3,0,0,1,0,0,1,0,0,1,0,0,0,0,0
74,8,8,8,35,1225,4,0,0,0,0,1,0,0,0,1,0,0,0,0,0
74,12,12,11,37,1369,6,0,0,1,0,0,0,0,0,1,0,0,0,0,0
74,12,8,8,53,2809,4,0,0,1,0,0,1,0,0,1,0,0,0,0,0
74,12,8,8,40,1600,5,0,0,1,0,1,0,0,0,1,0,0,0,0,0
74,12,11,12,35,1225,6,0,0,1,0,0,1,0,0,1,0,0,0,0,0
74,10,12,8,47,2209,3,0,0,1,0,1,0,0,0,1,0,0,0,0,0
74,10,8,8,44,1936,3,0,0,1,0,1,0,0,0,1,0,0,0,0,0
74,12,5,12,36,1296,4,0,0,1,0,0,0,1,0,1,0,0,0,0,0
74,17,14,13,47,2209,5,0,0,1,0,0,0,0,0,1,0,0,0,0,0
74,8,8,8,51,2601,4,0,0,1,0,1,0,0,0,1,0,0,0,0,0
74,12,8,12,49,2401,2,0,0,1,0,0,0,1,0,1,0,0,0,0,0
74,12,2,3,52,2704,5,0,0,0,1,0,0,1,0,1,0,0,0,0,0
74,12,6,8,42,1764,6,0,0,0,1,0,0,1,0,1,0,0,0,0,0
74,16,11,12,37,1369,2,0,0,0,1,0,0,1,0,1,0,0,0,0,0
74,12,8,8,40,1600,2,0,1,0,0,0,0,0,1,1,0,0,0,0,0
74,12,12,12,48,2304,2,0,1,0,0,0,0,1,0,1,0,0,0,0,0
74,18,18,15,36,1296,2,0,1,0,0,0,0,1,0,1,0,0,0,0,0
74,17,15,9,44,1936,3,0,1,0,0,0,0,0,1,1,0,0,0,0,0
74,10,8,5,46,2116,5,0,1,0,0,0,0,0,0,1,0,0,0,0,0
74,10,6,10,42,1764,4,0,1,0,0,0,0,0,0,1,0,0,0,0,0
74,12,0,0,53,2809,0,0,1,0,0,0,1,0,0,1,0,0,0,0,0
74,12,8,8,38,1444,2,0,1,0,0,0,0,0,0,1,0,0,0,0,0
74,17,8,12,38,1444,2,0,1,0,0,0,0,0,0,1,0,0,0,0,0
74,13,16,12,40,1600,3,0,1,0,0,0,0,0,0,1,0,0,0,0,0
74,18,9,10,46,2116,0,0,0,1,0,0,0,0,0,1,0,0,0,0,0
74,12,12,12,48,2304,2,1,1,0,0,0,0,0,0,1,0,0,0,0,0
74,12,10,14,35,1225,2,0,1,0,0,0,0,0,0,1,0,0,0,0,0
74,16,20,12,52,2704,2,0,0,1,0,0,0,0,0,1,0,0,0,0,0
74,12,16,12,51,2601,2,0,1,0,0,0,0,0,0,1,0,0,0,0,0
74,16,12,16,41,1681,4,0,1,0,0,0,0,1,0,1,0,0,0,0,0
74,12,12,8,36,1296,6,1,1,0,0,0,0,1,0,1,0,0,0,0,0
74,10,8,10,37,1369,4,0,0,1,0,0,0,0,0,1,0,0,0,0,0
74,16,19,7,40,1600,3,0,1,0,0,0,0,0,1,1,0,0,0,0,0
74,8,6,8,39,1521,2,0,0,0,0,0,0,1,0,1,0,0,0,0,0
74,12,11,10,38,1444,3,0,0,0,0,0,1,0,0,1,0,0,0,0,0
74,11,6,7,38,1444,1,0,0,0,0,1,0,0,0,1,0,0,0,0,0
74,10,4,7,43,1849,1,0,0,0,0,1,0,0,0,1,0,0,0,0,0
74,12,7,12,44,1936,3,0,0,0,0,1,0,0,0,1,0,0,0,0,0
74,10,8,8,51,2601,3,0,0,1,0,0,0,1,0,1,0,0,0,0,0
74,12,8,12,47,2209,3,0,0,1,0,0,1,0,0,1,0,0,0,0,0
74,11,8,8,44,1936,6,0,0,1,0,0,0,0,1,1,0,0,0,0,0
74,12,8,8,45,2025,3,0,0,1,0,0,0,0,0,1,0,0,0,0,0
74,12,13,12,41,1681,4,0,0,1,0,1,0,0,0,1,0,0,0,0,0
74,16,12,15,47,2209,2,0,0,0,0,1,0,0,0,1,0,0,0,0,0
74,12,8,11,36,1296,3,0,0,1,0,1,0,0,0,1,0,0,0,0,0
74,12,3,8,54,2916,4,0,0,1,0,1,0,0,0,1,0,0,0,0,0
74,13,10,8,46,2116,3,0,0,0,0,1,0,0,0,1,0,0,0,0,0
74,12,8,8,48,2304,4,0,0,1,0,0,1,0,0,1,0,0,0,0,0
74,12,6,10,39,1521,3,0,0,0,1,1,0,0,0,1,0,0,0,0,0
74,7,8,8,50,2500,4,0,1,0,0,0,0,1,0,1,0,0,0,0,0
74,12,12,8,38,1444,2,0,1,0,0,0,0,0,0,1,0,0,0,0,0
74,14,6,6,37,1369,4,0,1,0,0,0,0,0,0,1,0,0,0,0,0
74,12,5,8,42,1764,4,0,1,0,0,0,0,0,0,1,0,0,0,0,0
74,12,8,11,35,1225,5,0,1,0,0,0,0,0,0,1,0,0,0,0,0
74,12,12,15,42,1764,5,0,1,0,0,0,0,0,1,1,0,0,0,0,0
74,13,8,12,37,1369,2,0,1,0,0,0,0,1,0,1,0,0,0,0,0
74,10,5,5,36,1296,2,0,1,0,0,0,0,1,0,1,0,0,0,0,0
74,12,8,11,42,1764,3,0,1,0,0,0,0,0,0,1,0,0,0,0,0
74,12,8,8,44,1936,6,0,1,0,0,0,0,1,0,1,0,0,0,0,0
74,12,12,8,53,2809,1,0,1,0,0,0,0,0,0,1,0,0,0,0,0
74,12,8,8,54,2916,3,0,1,0,0,0,0,1,0,1,0,0,0,0,0
74,12,4,5,42,1764,5,0,1,0,0,0,0,1,0,1,0,0,0,0,0
74,12,12,8,44,1936,2,0,1,0,0,0,0,1,0,1,0,0,0,0,0
74,12,11,12,41,1681,5,0,0,0,0,1,0,0,0,1,0,0,0,0,0
74,15,10,11,42,1764,4,0,0,0,0,0,0,1,0,1,0,0,0,0,0
74,12,3,9,41,1681,5,0,0,0,0,0,1,0,0,1,0,0,0,0,0
74,16,16,16,37,1369,3,0,0,0,0,0,0,0,1,1,0,0,0,0,0
74,12,8,10,36,1296,4,0,0,1,0,0,1,0,0,1,0,0,0,0,0
74,4,8,8,35,1225,4,0,0,0,0,0,1,0,0,1,0,0,0,0,0
74,10,10,10,48,2304,0,0,0,0,0,1,0,0,0,1,0,0,0,0,0
74,8,8,7,46,2116,2,0,0,0,0,1,0,0,0,1,0,0,0,0,0
74,10,3,8,53,2809,5,0,0,0,0,1,0,0,0,1,0,0,0,0,0
74,12,9,8,45,2025,3,0,0,0,0,1,0,0,0,1,0,0,0,0,0
74,12,8,8,50,2500,2,0,0,0,0,0,0,1,0,1,0,0,0,0,0
74,8,9,2,43,1849,6,0,0,0,0,0,0,0,0,1,0,0,0,0,0
74,16,16,16,48,2304,3,0,0,0,1,0,0,1,0,1,0,0,0,0,0
74,14,12,14,37,1369,1,0,0,1,0,0,0,1,0,1,0,0,0,0,0
74,12,12,13,42,1764,2,0,0,0,0,0,0,1,0,1,0,0,0,0,0
74,13,16,11,35,1225,4,0,0,0,0,0,0,0,0,1,0,0,0,0,0
74,5,0,0,51,2601,6,0,0,0,0,1,0,0,0,1,0,0,0,0,0
74,12,3,5,38,1444,6,0,0,0,0,0,0,1,0,1,0,0,0,0,0
74,12,6,6,37,1369,6,0,0,0,0,1,0,0,0,1,0,0,0,0,0
74,16,4,4,52,2704,2,0,0,0,0,1,0,0,0,1,0,0,0,0,0
74,14,9,12,53,2809,3,0,0,0,0,0,0,1,0,1,0,0,0,0,0
74,7,4,0,37,1369,0,0,0,0,0,1,0,0,0,1,0,0,0,0,0
74,10,0,0,50,2500,5,0,0,0,0,1,0,0,0,1,0,0,0,0,0
74,12,7,12,39,1521,3,0,1,0,0,0,1,0,0,1,0,0,0,0,0
74,8,8,10,40,1600,2,0,0,0,0,1,0,0,0,1,0,0,0,0,0
74,10,12,11,43,1849,4,0,0,0,1,0,0,1,0,1,0,0,0,0,0
74,6,3,5,44,1936,1,0,0,0,0,0,1,0,0,1,0,0,0,0,0
74,17,12,13,46,2116,2,0,0,0,0,0,0,1,0,1,0,0,0,0,0
74,12,10,12,54,2916,6,1,0,0,0,0,0,1,0,1,0,0,0,0,0
74,12,12,14,35,1225,3,0,0,1,0,0,0,0,0,1,0,0,0,0,0
74,11,8,8,44,1936,4,0,0,1,0,1,0,0,0,1,0,0,0,0,0
74,12,6,9,45,2025,1,0,0,1,0,0,0,1,0,1,0,0,0,0,0
74,12,8,8,46,2116,4,0,0,1,0,0,0,0,0,1,0,0,0,0,0
74,12,8,8,38,1444,3,0,0,1,0,0,1,0,0,1,0,0,0,0,0
74,12,8,12,44,1936,2,0,0,1,0,0,0,1,0,1,0,0,0,0,0
74,13,10,11,53,2809,4,0,0,1,0,0,0,0,0,1,0,0,0,0,0
74,16,6,12,43,1849,4,0,0,1,0,0,0,1,0,1,0,0,0,0,0
74,12,8,12,40,1600,3,0,0,1,0,0,0,0,1,1,0,0,0,0,0
74,12,12,6,37,1369,4,0,0,1,0,1,0,0,0,1,0,0,0,0,0
74,12,8,8,38,1444,4,0,0,1,0,0,0,1,0,1,0,0,0,0,0
74,12,8,11,39,1521,4,0,0,1,0,0,0,1,0,1,0,0,0,0,0
76,12,12,12,51,2601,1,0,1,0,0,0,1,0,0,0,1,0,0,0,0
76,11,6,6,40,1600,4,0,1,0,0,1,0,0,0,0,1,0,0,0,0
76,16,11,16,44,1936,3,0,1,0,0,0,0,1,0,0,1,0,0,0,0
76,10,6,10,42,1764,4,0,1,0,0,0,0,0,1,0,1,0,0,0,0
76,12,12,12,53,2809,2,0,0,1,0,0,0,0,0,0,1,0,0,0,0
76,16,6,12,36,1296,2,0,0,0,0,0,0,0,0,0,1,0,0,0,0
76,13,12,11,43,1849,2,0,0,0,0,1,0,0,0,0,1,0,0,0,0
76,12,14,7,39,1521,2,0,0,0,0,1,0,0,0,0,1,0,0,0,0
76,12,5,5,52,2704,3,1,0,0,0,0,0,1,0,0,1,0,0,0,0
76,3,7,10,41,1681,7,0,0,0,0,1,0,0,0,0,1,0,0,0,0
76,9,4,9,44,1936,4,0,0,0,0,0,1,0,0,0,1,0,0,0,0
76,9,3,4,38,1444,3,0,0,0,1,1,0,0,0,0,1,0,0,0,0
76,10,3,6,52,2704,3,0,1,0,0,0,0,1,0,0,1,0,0,0,0
76,11,7,8,53,2809,2,0,1,0,0,0,0,1,0,0,1,0,0,0,0
76,16,12,13,42,1764,0,0,0,1,0,1,0,0,0,0,1,0,0,0,0
76,16,12,14,36,1296,0,0,0,0,0,0,0,1,0,0,1,0,0,0,0
76,15,2,7,39,1521,4,0,0,0,1,0,1,0,0,0,1,0,0,0,0
76,11,6,12,49,2401,0,0,0,1,0,0,0,1,0,0,1,0,0,0,0
76,13,13,13,48,2304,2,0,0,1,0,1,0,0,0,0,1,0,0,0,0
76,18,14,16,37,1369,1,0,0,0,0,0,0,1,0,0,1,0,0,0,0
76,15,6,6,39,1521,0,0,0,0,0,0,0,1,0,0,1,0,0,0,0
76,11,3,5,37,1369,3,0,0,0,0,0,0,1,0,0,1,0,0,0,0
76,12,6,12,35,1225,4,0,1,0,0,0,0,0,1,0,1,0,0,0,0
76,19,17,16,48,2304,5,0,1,0,0,0,0,0,0,0,1,0,0,0,0
76,16,3,8,37,1369,0,0,0,0,1,0,1,0,0,0,1,0,0,0,0
76,10,0,8,49,2401,2,0,1,0,0,0,0,0,0,0,1,0,0,0,0
76,20,20,10,39,1521,1,0,1,0,0,0,0,0,0,0,1,0,0,0,0
76,10,8,8,54,2916,4,0,1,0,0,1,0,0,0,0,1,0,0,0,0
76,12,8,8,36,1296,2,0,1,0,0,1,0,0,0,0,1,0,0,0,0
76,12,12,12,39,1521,2,0,1,0,0,0,0,1,0,0,1,0,0,0,0
76,12,12,8,46,2116,4,0,1,0,0,0,0,1,0,0,1,0,0,0,0
76,12,5,8,51,2601,2,0,0,1,0,0,0,1,0,0,1,0,0,0,0
76,13,10,12,38,1444,4,0,0,1,0,0,0,0,0,0,1,0,0,0,0
76,11,12,12,41,1681,3,0,0,1,0,0,1,0,0,0,1,0,0,0,0
76,12,10,11,36,1296,3,0,0,1,0,0,0,1,0,0,1,0,0,0,0
76,12,8,6,38,1444,4,0,0,1,0,0,0,0,0,0,1,0,0,0,0
76,5,4,3,49,2401,0,0,0,0,0,1,0,0,0,0,1,0,0,0,0
76,12,11,10,38,1444,1,0,0,0,0,0,1,0,0,0,1,0,0,0,0
76,9,16,12,36,1296,4,0,0,0,0,0,0,0,0,0,1,0,0,0,0
76,16,8,8,41,1681,3,0,0,0,0,1,0,0,0,0,1,0,0,0,0
76,11,4,4,51,2601,3,0,0,0,0,1,0,0,0,0,1,0,0,0,0
76,12,12,12,37,1369,3,0,0,0,1,0,0,0,1,0,1,0,0,0,0
76,18,12,12,40,1600,0,0,0,1,0,0,0,0,0,0,1,0,0,0,0
76,12,8,8,47,2209,7,1,0,0,0,0,0,0,1,0,1,0,0,0,0
76,12,8,8,49,2401,6,0,0,0,1,1,0,0,0,0,1,0,0,0,0
76,12,3,5,53,2809,3,0,0,1,0,0,0,1,0,0,1,0,0,0,0
76,12,12,12,37,1369,2,0,1,0,0,0,0,1,0,0,1,0,0,0,0
76,12,8,12,38,1444,3,0,1,0,0,0,0,1,0,0,1,0,0,0,0
76,12,8,8,54,2916,2,0,0,1,0,0,0,1,0,0,1,0,0,0,0
76,12,9,10,53,2809,0,0,0,1,0,0,0,1,0,0,1,0,0,0,0
76,12,6,6,53,2809,4,0,0,1,0,1,0,0,0,0,1,0,0,0,0
76,16,3,9,39,1521,3,0,0,0,0,0,0,1,0,0,1,0,0,0,0
76,16,5,12,47,2209,3,0,0,0,0,0,0,1,0,0,1,0,0,0,0
76,12,13,8,41,1681,2,0,0,0,0,1,0,0,0,0,1,0,0,0,0
76,14,10,14,46,2116,3,0,0,0,1,0,0,1,0,0,1,0,0,0,0
76,12,8,8,53,2809,3,0,0,1,0,0,0,1,0,0,1,0,0,0,0
76,0,0,4,47,2209,2,0,0,0,0,0,1,0,0,0,1,0,0,0,0
76,8,6,8,49,2401,1,0,0,0,0,0,1,0,0,0,1,0,0,0,0
76,12,8,8,43,1849,2,0,0,0,0,0,1,0,0,0,1,0,0,0,0
76,16,12,8,42,1764,4,0,0,0,0,1,0,0,0,0,1,0,0,0,0
76,10,0,3,38,1444,3,0,0,0,0,1,0,0,0,0,1,0,0,0,0
76,13,6,10,42,1764,3,0,0,0,0,1,0,0,0,0,1,0,0,0,0
76,12,8,8,39,1521,3,0,0,0,0,1,0,0,0,0,1,0,0,0,0
76,10,7,7,38,1444,2,0,0,0,0,1,0,0,0,0,1,0,0,0,0
76,12,8,8,53,2809,4,0,1,0,0,0,0,1,0,0,1,0,0,0,0
76,12,12,10,45,2025,2,0,1,0,0,0,0,1,0,0,1,0,0,0,0
76,12,12,9,41,1681,5,0,0,0,0,0,0,0,1,0,1,0,0,0,0
76,8,4,2,45,2025,0,0,1,0,0,0,1,0,0,0,1,0,0,0,0
76,12,7,6,43,1849,3,0,1,0,0,0,0,0,1,0,1,0,0,0,0
76,10,11,10,40,1600,3,0,1,0,0,0,0,0,0,0,1,0,0,0,0
76,12,3,3,35,1225,5,1,0,0,0,0,1,0,0,0,1,0,0,0,0
76,9,7,8,45,2025,0,0,1,0,0,0,0,1,0,0,1,0,0,0,0
76,17,11,11,37,1369,4,0,1,0,0,0,0,0,0,0,1,0,0,0,0
76,12,8,8,51,2601,2,0,0,0,0,0,0,0,0,0,1,0,0,0,0
76,12,8,8,47,2209,4,0,1,0,0,0,0,1,0,0,1,0,0,0,0
76,12,8,8,50,2500,0,0,1,0,0,0,0,0,0,0,1,0,0,0,0
76,12,4,14,52,2704,5,0,0,1,0,0,0,1,0,0,1,0,0,0,0
76,8,6,4,53,2809,4,0,1,0,0,0,1,0,0,0,1,0,0,0,0
76,12,6,6,51,2601,3,0,1,0,0,0,0,1,0,0,1,0,0,0,0
76,12,7,6,46,2116,7,1,0,0,0,1,0,0,0,0,1,0,0,0,0
76,18,18,16,36,1296,1,0,0,1,0,0,0,1,0,0,1,0,0,0,0
76,16,9,11,46,2116,0,0,0,1,0,0,0,0,0,0,1,0,0,0,0
76,12,12,12,41,1681,2,0,0,1,0,0,0,1,0,0,1,0,0,0,0
76,17,12,12,42,1764,4,0,0,0,0,0,0,0,0,0,1,0,0,0,0
76,12,12,11,35,1225,3,0,0,1,0,0,0,1,0,0,1,0,0,0,0
76,12,2,0,54,2916,5,0,0,1,0,0,0,0,0,0,1,0,0,0,0
76,14,12,12,35,1225,2,0,0,1,0,0,0,1,0,0,1,0,0,0,0
76,14,8,8,48,2304,0,0,0,1,0,0,0,0,1,0,1,0,0,0,0
76,12,8,8,36,1296,2,0,1,0,0,0,0,1,0,0,1,0,0,0,0
76,11,12,10,37,1369,3,0,0,1,0,0,0,0,0,0,1,0,0,0,0
76,12,10,11,41,1681,2,0,0,1,0,0,0,0,1,0,1,0,0,0,0
76,12,3,8,45,2025,6,0,0,1,0,1,0,0,0,0,1,0,0,0,0
76,12,8,6,39,1521,2,0,0,1,0,1,0,0,0,0,1,0,0,0,0
76,16,15,15,40,1600,2,0,0,1,0,0,0,1,0,0,1,0,0,0,0
76,8,4,4,53,2809,1,0,0,0,0,0,0,0,0,0,1,0,0,0,0
76,12,7,12,37,1369,5,0,0,0,1,0,0,0,1,0,1,0,0,0,0
76,12,8,8,45,2025,3,0,0,0,0,1,0,0,0,0,1,0,0,0,0
76,12,10,8,45,2025,1,0,0,0,0,0,0,0,1,0,1,0,0,0,0
76,12,14,8,38,1444,5,0,0,0,0,0,1,0,0,0,1,0,0,0,0
76,12,6,5,36,1296,6,1,0,0,0,0,0,0,0,0,1,0,0,0,0
76,12,4,8,36,1296,0,0,0,0,0,1,0,0,0,0,1,0,0,0,0
76,12,8,5,35,1225,5,0,0,0,0,0,0,0,1,0,1,0,0,0,0
76,14,12,8,41,1681,3,0,0,1,0,0,0,1,0,0,1,0,0,0,0
76,12,8,12,51,2601,2,0,0,0,1,1,0,0,0,0,1,0,0,0,0
76,12,6,6,52,2704,3,0,1,0,0,0,1,0,0,0,1,0,0,0,0
76,12,7,8,46,2116,1,0,1,0,0,0,0,1,0,0,1,0,0,0,0
76,12,12,12,41,1681,2,0,1,0,0,0,0,1,0,0,1,0,0,0,0
76,12,8,8,52,2704,2,0,0,0,0,1,0,0,0,0,1,0,0,0,0
76,14,16,16,52,2704,3,0,0,0,0,0,0,1,0,0,1,0,0,0,0
76,12,12,14,52,2704,3,0,1,0,0,0,0,1,0,0,1,0,0,0,0
76,11,0,8,38,1444,3,0,0,0,1,0,0,1,0,0,1,0,0,0,0
76,9,7,8,43,1849,7,0,0,1,0,0,0,1,0,0,1,0,0,0,0
76,12,8,12,35,1225,3,0,0,1,0,1,0,0,0,0,1,0,0,0,0
76,12,12,12,37,1369,4,0,0,1,0,0,0,1,0,0,1,0,0,0,0
76,12,4,8,43,1849,3,0,0,1,0,0,0,1,0,0,1,0,0,0,0
76,12,12,2,35,1225,3,0,0,0,1,0,1,0,0,0,1,0,0,0,0
76,9,4,12,50,2500,3,0,0,0,0,1,0,0,0,0,1,0,0,0,0
76,19,0,0,50,2500,1,0,0,0,0,0,1,0,0,0,1,0,0,0,0
76,9,6,6,35,1225,4,0,0,0,0,1,0,0,0,0,1,0,0,0,0
76,12,8,8,42,1764,2,0,1,0,0,0,0,0,0,0,1,0,0,0,0
76,12,0,9,48,2304,4,0,1,0,0,0,0,0,0,0,1,0,0,0,0
76,7,4,6,38,1444,5,0,1,0,0,0,0,0,0,0,1,0,0,0,0
76,14,0,4,53,2809,6,1,0,0,0,1,0,0,0,0,1,0,0,0,0
76,12,6,8,44,1936,7,0,1,0,0,0,0,0,0,0,1,0,0,0,0
76,10,3,8,39,1521,1,0,1,0,0,0,0,0,0,0,1,0,0,0,0
76,12,4,8,48,2304,3,0,0,1,0,0,0,0,0,0,1,0,0,0,0
76,18,6,4,48,2304,3,0,0,1,0,0,0,0,1,0,1,0,0,0,0
76,12,5,6,50,2500,5,0,0,1,0,0,0,1,0,0,1,0,0,0,0
76,12,0,4,51,2601,4,0,0,1,0,0,0,0,0,0,1,0,0,0,0
76,16,12,11,36,1296,0,1,0,0,0,0,0,1,0,0,1,0,0,0,0
76,10,8,10,48,2304,5,0,0,1,0,1,0,0,0,0,1,0,0,0,0
76,12,11,11,35,1225,1,0,0,1,0,0,0,1,0,0,1,0,0,0,0
76,17,20,16,37,1369,2,0,0,1,0,0,0,1,0,0,1,0,0,0,0
76,14,8,8,41,1681,4,0,1,0,0,0,0,1,0,0,1,0,0,0,0
76,12,6,8,39,1521,4,0,0,1,0,0,0,0,0,0,1,0,0,0,0
76,12,11,10,41,1681,2,0,1,0,0,0,0,1,0,0,1,0,0,0,0
76,15,16,15,39,1521,1,0,1,0,0,0,0,0,0,0,1,0,0,0,0
76,12,5,8,49,2401,1,0,0,1,0,0,0,0,1,0,1,0,0,0,0
76,12,7,8,41,1681,2,0,0,0,0,0,0,1,0,0,1,0,0,0,0
76,12,8,12,45,2025,2,0,0,0,0,0,0,1,0,0,1,0,0,0,0
76,12,8,8,54,2916,3,0,0,0,0,0,1,0,0,0,1,0,0,0,0
76,8,7,3,52,2704,4,0,0,1,0,0,0,0,0,0,1,0,0,0,0
76,11,9,11,49,2401,3,0,0,0,0,0,0,1,0,0,1,0,0,0,0
76,8,8,12,47,2209,1,0,0,0,1,1,0,0,0,0,1,0,0,0,0
76,12,3,8,41,1681,2,0,0,1,0,0,0,1,0,0,1,0,0,0,0
76,12,14,10,47,2209,3,0,0,1,0,0,0,1,0,0,1,0,0,0,0
76,12,12,12,46,2116,4,0,0,1,0,0,0,1,0,0,1,0,0,0,0
76,12,6,8,45,2025,4,0,0,0,0,0,0,1,0,0,1,0,0,0,0
76,16,20,16,35,1225,2,0,0,0,1,0,0,1,0,0,1,0,0,0,0
76,12,19,12,42,1764,4,0,0,0,1,1,0,0,0,0,1,0,0,0,0
76,12,8,12,35,1225,3,0,0,1,0,1,0,0,0,0,1,0,0,0,0
76,12,12,12,36,1296,1,0,0,1,0,1,0,0,0,0,1,0,0,0,0
78,12,9,9,50,2500,2,0,1,0,0,0,0,0,1,0,0,1,0,0,0
78,16,16,15,49,2401,2,0,1,0,0,0,0,1,0,0,0,1,0,0,0
78,18,12,14,52,2704,4,0,1,0,0,0,0,1,0,0,0,1,0,0,0
78,14,11,12,51,2601,6,0,1,0,0,0,0,1,0,0,0,1,0,0,0
78,11,3,3,40,1600,4,0,1,0,0,0,0,0,1,0,0,1,0,0,0
78,12,8,8,50,2500,3,0,1,0,0,0,0,0,1,0,0,1,0,0,0
78,12,12,12,52,2704,5,0,1,0,0,0,0,0,1,0,0,1,0,0,0
78,12,11,8,44,1936,3,0,1,0,0,0,0,1,0,0,0,1,0,0,0
78,12,5,7,53,2809,7,0,1,0,0,0,0,1,0,0,0,1,0,0,0
78,12,7,5,45,2025,2,0,1,0,0,0,0,0,0,0,0,1,0,0,0
78,15,9,9,42,1764,2,0,1,0,0,0,1,0,0,0,0,1,0,0,0
78,11,5,12,49,2401,5,0,1,0,0,1,0,0,0,0,0,1,0,0,0
78,12,8,6,42,1764,3,0,1,0,0,0,0,0,0,0,0,1,0,0,0
78,12,12,9,37,1369,4,0,1,0,0,0,0,0,1,0,0,1,0,0,0
78,13,13,8,38,1444,2,0,1,0,0,0,0,0,1,0,0,1,0,0,0
78,12,12,12,37,1369,1,0,1,0,0,0,0,0,0,0,0,1,0,0,0
78,12,11,11,52,2704,3,0,1,0,0,0,0,0,0,0,0,1,0,0,0
78,12,12,12,36,1296,3,0,0,1,0,0,0,0,0,0,0,1,0,0,0
78,12,8,12,46,2116,6,0,0,0,0,0,0,0,1,0,0,1,0,0,0
78,15,16,14,54,2916,3,0,0,1,0,0,0,0,0,0,0,1,0,0,0
78,16,20,8,48,2304,4,0,1,0,0,0,0,0,1,0,0,1,0,0,0
78,11,6,12,35,1225,5,0,0,1,0,0,0,1,0,0,0,1,0,0,0
78,17,13,12,38,1444,1,0,0,1,0,0,0,1,0,0,0,1,0,0,0
78,12,12,12,44,1936,2,0,0,1,0,0,0,0,0,0,0,1,0,0,0
78,12,8,12,44,1936,3,0,0,1,0,0,0,0,1,0,0,1,0,0,0
78,16,5,5,54,2916,5,0,1,0,0,1,0,0,0,0,0,1,0,0,0
78,10,10,0,43,1849,5,0,0,0,0,0,1,0,0,0,0,1,0,0,0
78,13,8,8,44,1936,2,0,0,1,0,0,1,0,0,0,0,1,0,0,0
78,14,4,11,46,2116,2,1,0,1,0,0,0,1,0,0,0,1,0,0,0
78,12,8,9,37,1369,5,1,0,1,0,0,0,0,0,0,0,1,0,0,0
78,18,12,15,43,1849,0,0,0,1,0,0,0,0,0,0,0,1,0,0,0
78,13,13,16,42,1764,2,0,0,1,0,0,0,1,0,0,0,1,0,0,0
78,17,8,16,43,1849,2,0,0,1,0,0,0,0,1,0,0,1,0,0,0
78,13,8,12,37,1369,2,0,0,1,0,0,0,1,0,0,0,1,0,0,0
78,12,8,8,46,2116,1,0,0,0,0,1,0,0,0,0,0,1,0,0,0
78,10,8,8,51,2601,3,0,0,1,0,0,1,0,0,0,0,1,0,0,0
78,7,7,3,47,2209,6,0,0,0,0,1,0,0,0,0,0,1,0,0,0
78,1,12,8,54,2916,0,0,0,0,0,0,0,1,0,0,0,1,0,0,0
78,12,9,9,48,2304,2,0,0,0,0,0,0,1,0,0,0,1,0,0,0
78,12,7,8,48,2304,4,0,0,0,0,1,0,0,0,0,0,1,0,0,0
78,12,2,7,40,1600,3,0,0,0,0,0,1,0,0,0,0,1,0,0,0
78,13,13,11,52,2704,4,0,0,0,0,1,0,0,0,0,0,1,0,0,0
78,12,6,8,41,1681,3,0,0,0,0,1,0,0,0,0,0,1,0,0,0
78,14,5,11,36,1296,2,1,0,0,0,0,0,1,0,0,0,1,0,0,0
78,13,2,2,38,1444,2,0,0,0,0,1,0,0,0,0,0,1,0,0,0
78,12,8,12,42,1764,3,1,0,0,0,0,0,0,0,0,0,1,0,0,0
78,8,7,9,38,1444,6,0,0,0,0,0,0,1,0,0,0,1,0,0,0
78,14,14,12,43,1849,0,0,0,0,1,0,0,0,0,0,0,1,0,0,0
78,15,10,10,37,1369,1,0,0,0,1,0,0,1,0,0,0,1,0,0,0
78,14,6,8,35,1225,1,1,0,0,0,1,0,0,0,0,0,1,0,0,0
78,12,9,7,54,2916,2,0,0,1,0,0,0,0,0,0,0,1,0,0,0
78,16,3,11,54,2916,1,0,0,0,1,0,0,0,1,0,0,1,0,0,0
78,13,10,8,50,2500,5,0,0,1,0,0,0,1,0,0,0,1,0,0,0
78,12,10,12,37,1369,2,0,1,0,0,0,0,1,0,0,0,1,0,0,0
78,16,8,6,44,1936,2,0,1,0,0,0,1,0,0,0,0,1,0,0,0
78,12,6,12,41,1681,3,0,1,0,0,0,0,0,1,0,0,1,0,0,0
78,12,12,10,35,1225,2,0,1,0,0,0,0,1,0,0,0,1,0,0,0
78,15,12,12,35,1225,2,0,1,0,0,0,0,0,0,0,0,1,0,0,0
78,13,9,12,36,1296,3,0,1,0,0,0,0,0,0,0,0,1,0,0,0
78,13,9,14,39,1521,3,0,0,1,0,1,0,0,0,0,0,1,0,0,0
78,12,11,9,46,2116,3,0,0,1,0,1,0,0,0,0,0,1,0,0,0
78,8,5,8,41,1681,6,0,0,1,0,0,0,1,0,0,0,1,0,0,0
78,16,8,14,38,1444,1,0,0,1,0,1,0,0,0,0,0,1,0,0,0
78,11,10,12,48,2304,1,0,0,1,0,0,1,0,0,0,0,1,0,0,0
78,12,8,8,38,1444,3,0,0,0,0,0,1,0,0,0,0,1,0,0,0
78,8,4,8,53,2809,2,0,0,0,0,1,0,0,0,0,0,1,0,0,0
78,16,15,12,44,1936,3,0,0,1,0,0,0,1,0,0,0,1,0,0,0
78,10,0,8,47,2209,2,0,0,0,0,0,0,1,0,0,0,1,0,0,0
78,12,14,11,41,1681,2,0,0,0,0,1,0,0,0,0,0,1,0,0,0
78,19,9,14,51,2601,3,0,0,0,0,0,0,1,0,0,0,1,0,0,0
78,12,12,16,42,1764,1,0,1,0,0,0,0,1,0,0,0,1,0,0,0
78,10,9,11,54,2916,3,0,0,1,0,0,0,1,0,0,0,1,0,0,0
78,11,9,8,39,1521,7,0,0,1,0,0,1,0,0,0,0,1,0,0,0
78,14,8,8,54,2916,3,0,0,1,0,1,0,0,0,0,0,1,0,0,0
78,11,8,8,47,2209,2,0,0,0,0,0,1,0,0,0,0,1,0,0,0
78,10,4,9,38,1444,6,0,0,0,0,1,0,0,0,0,0,1,0,0,0
78,12,8,10,51,2601,2,0,0,0,0,1,0,0,0,0,0,1,0,0,0
78,11,6,8,38,1444,3,0,0,0,0,0,0,1,0,0,0,1,0,0,0
78,12,5,6,36,1296,0,0,0,0,0,1,0,0,0,0,0,1,0,0,0
78,16,17,16,47,2209,2,0,0,0,0,0,0,1,0,0,0,1,0,0,0
78,12,6,11,42,1764,0,0,1,0,0,0,0,0,0,0,0,1,0,0,0
78,16,13,15,52,2704,3,0,1,0,0,0,0,0,0,0,0,1,0,0,0
78,12,12,12,35,1225,2,0,1,0,0,0,1,0,0,0,0,1,0,0,0
78,11,8,8,38,1444,7,0,1,0,0,0,0,0,0,0,0,1,0,0,0
78,14,8,12,49,2401,2,0,1,0,0,0,0,0,0,0,0,1,0,0,0
78,12,5,12,41,1681,2,0,1,0,0,0,0,1,0,0,0,1,0,0,0
78,12,12,12,53,2809,2,0,0,0,0,1,0,0,0,0,0,1,0,0,0
78,12,12,12,44,1936,6,0,1,0,0,0,0,0,0,0,0,1,0,0,0
78,12,8,0,44,1936,4,0,1,0,0,0,0,0,1,0,0,1,0,0,0
78,12,8,7,39,1521,4,1,1,0,0,0,0,0,1,0,0,1,0,0,0
78,10,4,10,39,1521,4,0,0,1,0,0,0,0,0,0,0,1,0,0,0
78,16,14,8,37,1369,2,0,1,0,0,0,0,1,0,0,0,1,0,0,0
78,12,3,8,37,1369,2,0,0,1,0,0,1,0,0,0,0,1,0,0,0
78,14,6,10,40,1600,4,0,0,1,0,0,0,0,0,0,0,1,0,0,0
78,12,8,11,49,2401,4,0,0,1,0,0,0,0,0,0,0,1,0,0,0
78,16,12,12,38,1444,0,0,0,1,0,0,0,1,0,0,0,1,0,0,0
78,9,12,8,41,1681,4,0,0,1,0,0,0,0,0,0,0,1,0,0,0
78,12,12,14,40,1600,4,1,0,0,0,0,0,0,1,0,0,1,0,0,0
78,12,16,14,36,1296,4,0,0,1,0,0,0,0,0,0,0,1,0,0,0
78,12,11,9,39,1521,2,0,0,1,0,0,0,0,0,0,0,1,0,0,0
78,18,9,14,35,1225,0,0,0,1,0,1,0,0,0,0,0,1,0,0,0
78,12,8,7,37,1369,0,0,0,1,0,0,0,1,0,0,0,1,0,0,0
78,12,8,8,37,1369,4,0,0,1,0,0,0,1,0,0,0,1,0,0,0
78,20,20,12,42,1764,0,0,1,0,0,0,0,0,0,0,0,1,0,0,0
78,12,10,10,54,2916,5,0,1,0,0,0,0,1,0,0,0,1,0,0,0
78,12,12,6,39,1521,3,0,0,0,1,0,0,0,0,0,0,1,0,0,0
78,8,8,0,38,1444,4,0,0,0,0,1,0,0,0,0,0,1,0,0,0
78,12,6,12,53,2809,3,0,0,0,0,1,0,0,0,0,0,1,0,0,0
78,12,11,15,39,1521,3,0,0,0,0,0,0,1,0,0,0,1,0,0,0
78,10,3,8,47,2209,3,0,0,0,1,1,0,0,0,0,0,1,0,0,0
78,12,12,12,35,1225,1,0,0,0,1,0,0,0,0,0,0,1,0,0,0
78,18,12,14,43,1849,3,0,0,0,1,0,0,1,0,0,0,1,0,0,0
78,12,16,8,49,2401,3,0,0,0,1,0,0,1,0,0,0,1,0,0,0
78,12,12,12,39,1521,2,0,0,0,1,0,0,0,1,0,0,1,0,0,0
78,15,15,14,35,1225,2,0,0,0,1,0,0,0,1,0,0,1,0,0,0
78,11,3,5,38,1444,3,0,0,0,1,0,1,0,0,0,0,1,0,0,0
78,12,6,3,41,1681,4,0,0,0,1,0,0,0,1,0,0,1,0,0,0
78,16,19,13,54,2916,4,0,0,1,0,0,0,1,0,0,0,1,0,0,0
78,12,8,12,49,2401,3,0,0,0,0,0,0,1,0,0,0,1,0,0,0
78,13,12,12,41,1681,4,0,0,0,1,0,1,0,0,0,0,1,0,0,0
78,12,12,9,49,2401,1,0,0,0,1,0,0,0,1,0,0,1,0,0,0
78,12,8,8,40,1600,3,0,1,0,0,0,0,0,0,0,0,1,0,0,0
78,10,6,5,52,2704,1,0,0,1,0,0,0,1,0,0,0,1,0,0,0
78,12,8,7,47,2209,4,0,0,1,0,0,0,1,0,0,0,1,0,0,0
78,12,6,12,40,1600,4,0,0,1,0,0,0,1,0,0,0,1,0,0,0
78,12,3,3,37,1369,4,0,0,1,0,1,0,0,0,0,0,1,0,0,0
78,14,8,8,51,2601,3,0,0,1,0,0,0,1,0,0,0,1,0,0,0
78,15,12,12,45,2025,3,0,0,1,0,0,0,1,0,0,0,1,0,0,0
78,12,2,9,47,2209,0,0,0,1,0,0,1,0,0,0,0,1,0,0,0
78,10,7,7,47,2209,2,0,0,0,0,0,1,0,0,0,0,1,0,0,0
78,14,5,8,45,2025,4,0,0,0,0,1,0,0,0,0,0,1,0,0,0
78,15,16,15,36,1296,2,0,0,0,0,0,0,0,1,0,0,1,0,0,0
78,16,12,12,50,2500,3,0,0,0,0,0,0,1,0,0,0,1,0,0,0
78,12,7,9,43,1849,2,0,0,0,0,1,0,0,0,0,0,1,0,0,0
78,12,5,11,40,1600,2,0,0,0,1,0,0,1,0,0,0,1,0,0,0
78,12,12,15,49,2401,0,0,0,1,0,0,0,1,0,0,0,1,0,0,0
78,12,10,8,36,1296,3,0,0,1,0,0,0,0,0,0,0,1,0,0,0
78,12,7,8,40,1600,4,0,0,1,0,1,0,0,0,0,0,1,0,0,0
78,17,8,7,51,2601,1,0,0,0,0,0,0,1,0,0,0,1,0,0,0
78,12,7,7,36,1296,2,0,0,0,0,1,0,0,0,0,0,1,0,0,0
78,9,7,11,35,1225,2,0,0,0,0,1,0,0,0,0,0,1,0,0,0
78,12,4,10,40,1600,2,0,0,0,0,0,0,0,1,0,0,1,0,0,0
78,12,8,11,38,1444,2,0,0,0,0,0,0,1,0,0,0,1,0,0,0
80,12,8,12,44,1936,6,0,1,0,0,0,0,0,0,0,0,0,1,0,0
80,16,16,16,46,2116,1,0,1,0,0,0,0,0,0,0,0,0,1,0,0
80,12,7,11,38,1444,1,0,1,0,0,0,0,0,0,0,0,0,1,0,0
80,12,8,12,44,1936,3,0,1,0,0,0,0,0,0,0,0,0,1,0,0
80,12,12,8,38,1444,2,0,1,0,0,1,0,0,0,0,0,0,1,0,0
80,9,9,9,37,1369,2,1,0,1,0,0,0,0,0,0,0,0,1,0,0
80,12,6,12,48,2304,4,0,0,1,0,0,0,0,1,0,0,0,1,0,0
80,12,12,12,36,1296,3,0,0,1,0,0,0,0,0,0,0,0,1,0,0
80,12,3,6,37,1369,6,0,0,1,0,0,0,0,0,0,0,0,1,0,0
80,16,8,12,41,1681,2,0,0,1,0,0,0,1,0,0,0,0,1,0,0
80,5,6,3,35,1225,1,0,0,0,0,0,0,0,1,0,0,0,1,0,0
80,12,10,8,42,1764,1,0,0,1,0,0,0,0,0,0,0,0,1,0,0
80,12,8,11,49,2401,3,0,0,1,0,0,0,0,1,0,0,0,1,0,0
80,20,10,15,50,2500,0,0,0,1,0,0,0,1,0,0,0,0,1,0,0
80,13,14,11,44,1936,3,0,0,1,0,0,0,0,0,0,0,0,1,0,0
80,12,5,8,47,2209,3,0,0,1,0,1,0,0,0,0,0,0,1,0,0
80,11,8,8,49,2401,6,0,0,1,0,0,0,0,0,0,0,0,1,0,0
80,8,0,6,39,1521,6,1,0,0,0,1,0,0,0,0,0,0,1,0,0
80,17,12,12,40,1600,0,0,0,1,0,0,0,0,1,0,0,0,1,0,0
80,12,12,12,39,1521,3,0,0,1,0,1,0,0,0,0,0,0,1,0,0
80,12,5,11,38,1444,4,0,0,1,0,0,0,0,0,0,0,0,1,0,0
80,19,12,8,51,2601,2,0,0,1,0,1,0,0,0,0,0,0,1,0,0
80,16,7,7,45,2025,3,0,0,1,0,0,0,0,1,0,0,0,1,0,0
80,13,9,12,40,1600,2,0,0,1,0,0,1,0,0,0,0,0,1,0,0
80,12,12,6,35,1225,4,0,1,0,0,0,0,1,0,0,0,0,1,0,0
80,13,10,9,38,1444,1,0,0,0,0,0,0,0,0,0,0,0,1,0,0
80,20,4,8,41,1681,0,0,1,0,0,0,0,0,0,0,0,0,1,0,0
80,18,13,12,51,2601,3,0,0,1,0,0,0,0,1,0,0,0,1,0,0
80,12,11,17,42,1764,2,0,0,0,0,0,0,1,0,0,0,0,1,0,0
80,12,5,5,47,2209,2,0,0,0,0,0,0,1,0,0,0,0,1,0,0
80,12,5,5,39,1521,3,0,0,0,0,0,0,0,0,0,0,0,1,0,0
80,9,4,6,52,2704,5,0,0,0,0,1,0,0,0,0,0,0,1,0,0
80,9,12,14,39,1521,3,0,0,1,0,0,1,0,0,0,0,0,1,0,0
80,13,11,11,49,2401,3,0,0,0,0,0,0,0,0,0,0,0,1,0,0
80,12,9,13,54,2916,5,0,0,0,1,1,0,0,0,0,0,0,1,0,0
80,8,4,4,50,2500,2,0,0,0,0,1,0,0,0,0,0,0,1,0,0
80,12,6,6,53,2809,2,0,0,0,0,0,0,0,1,0,0,0,1,0,0
80,13,19,12,38,1444,2,0,0,0,0,0,0,0,1,0,0,0,1,0,0
80,12,11,3,49,2401,3,0,0,0,1,1,0,0,0,0,0,0,1,0,0
80,13,16,12,45,2025,4,0,0,0,0,0,0,0,0,0,0,0,1,0,0
80,18,12,13,49,2401,4,0,0,0,1,0,0,0,1,0,0,0,1,0,0
80,12,6,8,48,2304,3,0,0,0,1,0,0,1,0,0,0,0,1,0,0
80,12,12,16,39,1521,4,0,0,0,1,0,0,1,0,0,0,0,1,0,0
80,14,12,14,38,1444,1,0,0,0,1,0,0,0,0,0,0,0,1,0,0
80,15,6,6,54,2916,0,0,0,0,1,0,0,1,0,0,0,0,1,0,0
80,13,16,16,54,2916,3,0,0,0,1,0,0,1,0,0,0,0,1,0,0
80,12,4,9,35,1225,3,0,0,0,1,1,0,0,0,0,0,0,1,0,0
80,14,12,12,37,1369,2,0,0,0,1,0,1,0,0,0,0,0,1,0,0
80,13,8,12,46,2116,3,0,0,1,0,0,0,0,0,0,0,0,1,0,0
80,8,6,7,48,2304,2,0,1,0,0,1,0,0,0,0,0,0,1,0,0
80,13,8,8,49,2401,4,0,1,0,0,0,0,1,0,0,0,0,1,0,0
80,12,8,8,41,1681,2,0,1,0,0,0,1,0,0,0,0,0,1,0,0
80,12,11,10,36,1296,2,0,0,1,0,0,1,0,0,0,0,0,1,0,0
80,16,13,10,44,1936,5,0,0,0,0,0,1,0,0,0,0,0,1,0,0
80,13,8,8,37,1369,3,0,0,1,0,0,1,0,0,0,0,0,1,0,0
80,12,8,8,41,1681,2,0,0,1,0,0,0,0,1,0,0,0,1,0,0
80,12,8,8,53,2809,2,0,0,1,0,1,0,0,0,0,0,0,1,0,0
80,12,12,12,53,2809,4,0,0,1,0,0,0,1,0,0,0,0,1,0,0
80,12,8,8,40,1600,2,0,0,0,0,0,1,0,0,0,0,0,1,0,0
80,9,12,12,40,1600,7,1,0,0,0,0,0,1,0,0,0,0,1,0,0
80,14,12,8,45,2025,5,1,0,0,0,0,0,1,0,0,0,0,1,0,0
80,12,4,7,52,2704,2,0,0,0,0,1,0,0,0,0,0,0,1,0,0
80,12,12,9,42,1764,2,0,0,0,0,0,0,1,0,0,0,0,1,0,0
80,12,8,8,42,1764,2,0,0,0,0,1,0,0,0,0,0,0,1,0,0
80,12,8,8,41,1681,2,0,0,0,0,0,0,1,0,0,0,0,1,0,0
80,12,4,11,40,1600,3,0,0,1,0,0,0,0,1,0,0,0,1,0,0
80,10,8,8,49,2401,4,0,1,0,0,0,1,0,0,0,0,0,1,0,0
80,8,8,12,35,1225,2,0,0,0,0,0,0,1,0,0,0,0,1,0,0
80,12,12,12,36,1296,2,0,0,0,0,0,0,1,0,0,0,0,1,0,0
80,9,3,3,42,1764,3,0,0,0,0,0,0,1,0,0,0,0,1,0,0
80,16,14,14,44,1936,4,0,0,1,0,0,0,0,0,0,0,0,1,0,0
80,12,9,10,45,2025,5,0,0,1,0,0,0,1,0,0,0,0,1,0,0
80,11,6,8,53,2809,0,0,0,1,0,0,0,0,1,0,0,0,1,0,0
80,12,8,12,48,2304,2,0,0,1,0,0,0,1,0,0,0,0,1,0,0
80,12,5,8,43,1849,4,0,0,1,0,1,0,0,0,0,0,0,1,0,0
80,13,8,12,50,2500,3,0,0,1,0,0,0,1,0,0,0,0,1,0,0
80,12,6,6,54,2916,2,0,0,0,0,0,0,1,0,0,0,0,1,0,0
80,8,0,0,45,2025,2,0,0,0,0,1,0,0,0,0,0,0,1,0,0
80,5,0,3,36,1296,3,0,0,0,0,0,1,0,0,0,0,0,1,0,0
80,16,11,11,36,1296,0,0,0,0,0,1,0,0,0,0,0,0,1,0,0
80,12,8,8,36,1296,3,0,0,0,0,0,1,0,0,0,0,0,1,0,0
80,19,13,16,54,2916,0,0,0,0,0,1,0,0,0,0,0,0,1,0,0
80,17,20,14,44,1936,1,0,0,1,0,1,0,0,0,0,0,0,1,0,0
80,16,18,14,50,2500,3,0,1,0,0,0,0,0,0,0,0,0,1,0,0
80,12,12,12,44,1936,4,0,1,0,0,0,0,1,0,0,0,0,1,0,0
80,20,16,16,35,1225,1,0,1,0,0,0,0,1,0,0,0,0,1,0,0
80,12,8,12,37,1369,3,0,1,0,0,0,0,1,0,0,0,0,1,0,0
80,16,15,12,47,2209,4,0,0,1,0,0,0,1,0,0,0,0,1,0,0
80,18,16,12,41,1681,7,0,1,0,0,0,0,0,1,0,0,0,1,0,0
80,16,12,13,50,2500,5,0,0,1,0,0,0,0,0,0,0,0,1,0,0
80,16,19,14,39,1521,5,0,0,1,0,0,0,0,0,0,0,0,1,0,0
80,10,8,8,51,2601,2,0,0,1,0,0,0,0,0,0,0,0,1,0,0
80,12,10,16,37,1369,3,0,0,1,0,0,0,0,0,0,0,0,1,0,0
80,13,8,11,39,1521,4,1,0,1,0,0,0,0,0,0,0,0,1,0,0
80,15,8,12,51,2601,4,0,0,1,0,0,0,0,1,0,0,0,1,0,0
80,12,12,12,48,2304,5,0,0,1,0,0,0,0,1,0,0,0,1,0,0
80,14,8,12,50,2500,3,0,0,1,0,0,0,0,0,0,0,0,1,0,0
80,12,12,9,38,1444,3,0,0,1,0,0,0,0,1,0,0,0,1,0,0
80,11,8,8,54,2916,4,0,0,1,0,0,0,0,0,0,0,0,1,0,0
80,14,12,15,37,1369,2,0,0,1,0,1,0,0,0,0,0,0,1,0,0
80,16,9,6,37,1369,0,0,0,1,0,0,0,1,0,0,0,0,1,0,0
80,13,8,8,51,2601,2,0,0,1,0,1,0,0,0,0,0,0,1,0,0
80,13,13,12,47,2209,3,0,0,1,0,0,0,0,0,0,0,0,1,0,0
80,13,0,0,45,2025,4,0,1,0,0,1,0,0,0,0,0,0,1,0,0
80,16,19,17,35,1225,0,0,0,1,0,0,0,0,0,0,0,0,1,0,0
80,9,0,0,50,2500,5,1,0,0,0,1,0,0,0,0,0,0,1,0,0
80,13,12,12,40,1600,3,0,0,0,0,1,0,0,0,0,0,0,1,0,0
80,14,18,16,42,1764,4,0,0,1,0,1,0,0,0,0,0,0,1,0,0
80,18,18,12,49,2401,4,1,0,0,0,0,0,1,0,0,0,0,1,0,0
80,16,13,10,38,1444,1,0,0,0,0,0,0,0,0,0,0,0,1,0,0
80,13,9,12,42,1764,5,0,0,1,0,0,0,1,0,0,0,0,1,0,0
80,10,6,8,47,2209,2,0,0,0,0,1,0,0,0,0,0,0,1,0,0
80,2,0,0,45,2025,6,0,0,0,1,0,1,0,0,0,0,0,1,0,0
80,17,8,10,47,2209,6,1,0,0,1,0,0,1,0,0,0,0,1,0,0
80,14,10,13,36,1296,3,0,0,1,0,0,1,0,0,0,0,0,1,0,0
80,12,15,16,50,2500,3,0,0,0,1,0,1,0,0,0,0,0,1,0,0
80,12,8,12,54,2916,3,0,0,0,1,0,0,0,1,0,0,0,1,0,0
80,15,13,10,36,1296,3,0,0,0,1,0,0,0,0,0,0,0,1,0,0
80,12,8,4,43,1849,2,0,0,0,1,0,0,0,0,0,0,0,1,0,0
80,12,12,12,40,1600,0,0,0,0,1,0,0,0,0,0,0,0,1,0,0
80,13,6,8,39,1521,1,0,0,0,1,0,0,1,0,0,0,0,1,0,0
80,12,12,16,38,1444,2,0,0,0,1,0,0,0,0,0,0,0,1,0,0
80,17,8,12,36,1296,1,1,0,0,0,0,0,0,1,0,0,0,1,0,0
80,14,12,12,49,2401,3,0,0,1,0,1,0,0,0,0,0,0,1,0,0
80,16,6,6,43,1849,4,0,1,0,0,0,0,1,0,0,0,0,1,0,0
80,12,5,9,42,1764,3,1,0,0,0,0,1,0,0,0,0,0,1,0,0
80,13,8,13,38,1444,1,0,0,1,0,0,0,0,1,0,0,0,1,0,0
80,12,8,12,49,2401,2,0,0,0,1,0,0,0,0,0,0,0,1,0,0
80,16,20,18,37,1369,2,0,1,0,0,0,0,0,0,0,0,0,1,0,0
80,12,7,12,52,2704,3,0,1,0,0,0,0,1,0,0,0,0,1,0,0
80,10,3,3,50,2500,3,0,0,0,0,1,0,0,0,0,0,0,1,0,0
80,15,11,9,46,2116,4,0,0,0,0,0,0,1,0,0,0,0,1,0,0
80,13,9,3,39,1521,2,0,0,0,0,0,0,1,0,0,0,0,1,0,0
80,12,8,9,45,2025,0,0,0,0,0,1,0,0,0,0,0,0,1,0,0
80,12,5,7,53,2809,1,0,0,0,1,1,0,0,0,0,0,0,1,0,0
80,14,10,6,50,2500,6,0,0,0,0,0,0,1,0,0,0,0,1,0,0
80,12,8,8,46,2116,2,0,0,0,1,0,0,1,0,0,0,0,1,0,0
80,12,10,12,41,1681,6,0,0,1,0,0,0,1,0,0,0,0,1,0,0
80,14,12,12,36,1296,1,0,0,1,0,0,0,0,1,0,0,0,1,0,0
80,9,8,8,43,1849,2,0,0,0,0,0,0,1,0,0,0,0,1,0,0
80,12,10,10,45,2025,3,0,0,0,0,1,0,0,0,0,0,0,1,0,0
80,19,12,12,39,1521,2,0,0,0,0,0,0,1,0,0,0,0,1,0,0
82,18,18,16,54,2916,0,0,1,0,0,0,0,1,0,0,0,0,0,1,0
82,9,5,12,53,2809,5,0,1,0,0,0,0,0,0,0,0,0,0,1,0
82,18,12,12,51,2601,4,0,1,0,0,0,0,1,0,0,0,0,0,1,0
82,12,3,12,53,2809,1,0,1,0,0,0,0,0,0,0,0,0,0,1,0
82,18,13,16,53,2809,2,0,1,0,0,0,0,0,0,0,0,0,0,1,0
82,20,13,16,35,1225,0,0,0,0,0,0,0,0,1,0,0,0,0,1,0
82,12,10,12,46,2116,3,0,0,1,0,0,0,0,1,0,0,0,0,1,0
82,12,8,8,38,1444,2,0,1,0,0,0,0,1,0,0,0,0,0,1,0
82,17,12,12,36,1296,1,0,1,0,0,0,0,0,1,0,0,0,0,1,0
82,20,16,12,35,1225,1,1,1,0,0,0,0,0,0,0,0,0,0,1,0
82,12,8,10,48,2304,3,0,1,0,0,0,0,0,0,0,0,0,0,1,0
82,11,8,5,44,1936,2,0,1,0,0,0,0,0,1,0,0,0,0,1,0
82,17,18,16,48,2304,0,0,1,0,0,0,0,0,0,0,0,0,0,1,0
82,12,8,12,43,1849,1,0,1,0,0,0,1,0,0,0,0,0,0,1,0
82,16,8,10,35,1225,0,0,1,0,0,0,0,0,1,0,0,0,0,1,0
82,12,7,12,40,1600,3,0,1,0,0,0,0,1,0,0,0,0,0,1,0
82,12,8,10,38,1444,2,0,1,0,0,0,1,0,0,0,0,0,0,1,0
82,11,10,10,47,2209,5,0,0,0,1,0,0,0,1,0,0,0,0,1,0
82,12,12,10,42,1764,2,0,1,0,0,0,0,1,0,0,0,0,0,1,0
82,12,8,8,45,2025,3,0,1,0,0,0,1,0,0,0,0,0,0,1,0
82,12,12,8,47,2209,3,0,1,0,0,0,0,0,0,0,0,0,0,1,0
82,12,10,10,37,1369,2,0,1,0,0,0,0,0,1,0,0,0,0,1,0
82,12,7,7,41,1681,3,0,0,1,0,0,0,0,0,0,0,0,0,1,0
82,19,10,9,42,1764,0,0,0,1,0,0,0,0,0,0,0,0,0,1,0
82,7,6,6,40,1600,3,1,0,0,0,1,0,0,0,0,0,0,0,1,0
82,17,18,16,35,1225,3,1,0,0,0,0,0,0,0,0,0,0,0,1,0
82,12,12,10,38,1444,3,0,0,1,0,0,0,0,1,0,0,0,0,1,0
82,20,17,16,44,1936,0,0,0,0,0,0,0,1,0,0,0,0,0,1,0
82,12,8,8,46,2116,4,0,0,1,0,0,0,1,0,0,0,0,0,1,0
82,16,12,16,50,2500,3,0,0,1,0,0,1,0,0,0,0,0,0,1,0
82,13,12,12,43,1849,2,0,0,1,0,0,0,0,0,0,0,0,0,1,0
82,13,8,12,45,2025,3,0,0,1,0,0,0,0,0,0,0,0,0,1,0
82,16,18,12,40,1600,2,0,0,1,0,0,0,0,0,0,0,0,0,1,0
82,12,8,8,50,2500,7,0,0,1,0,0,0,0,0,0,0,0,0,1,0
82,18,12,12,40,1600,1,0,0,1,0,0,0,1,0,0,0,0,0,1,0
82,12,9,12,48,2304,4,0,0,1,0,0,0,1,0,0,0,0,0,1,0
82,16,12,14,52,2704,5,0,0,1,0,1,0,0,0,0,0,0,0,1,0
82,12,12,6,38,1444,2,0,0,0,0,0,0,0,0,0,0,0,0,1,0
82,8,4,6,44,1936,1,0,0,0,0,0,0,0,0,0,0,0,0,1,0
82,7,3,5,48,2304,1,1,0,0,0,0,1,0,0,0,0,0,0,1,0
82,10,7,8,46,2116,6,1,0,0,0,0,1,0,0,0,0,0,0,1,0
82,15,3,5,38,1444,2,0,0,0,0,1,0,0,0,0,0,0,0,1,0
82,10,10,6,40,1600,3,0,0,0,1,0,0,1,0,0,0,0,0,1,0
82,12,12,12,39,1521,3,0,0,0,0,0,0,0,1,0,0,0,0,1,0
82,14,8,12,41,1681,3,0,0,0,0,0,0,1,0,0,0,0,0,1,0
82,12,0,0,39,1521,2,0,0,0,0,0,0,1,0,0,0,0,0,1,0
82,12,4,4,48,2304,2,0,0,0,0,0,0,1,0,0,0,0,0,1,0
82,16,12,12,35,1225,2,0,0,0,0,0,0,1,0,0,0,0,0,1,0
82,10,3,9,47,2209,2,1,0,0,0,0,0,1,0,0,0,0,0,1,0
82,11,12,11,44,1936,7,1,0,0,0,0,0,0,0,0,0,0,0,1,0
82,12,11,1,39,1521,5,1,0,0,0,0,1,0,0,0,0,0,0,1,0
82,12,9,9,49,2401,2,0,0,0,0,0,1,0,0,0,0,0,0,1,0
82,7,0,0,43,1849,3,0,0,0,0,0,1,0,0,0,0,0,0,1,0
82,12,3,10,40,1600,2,0,0,0,1,0,0,0,0,0,0,0,0,1,0
82,13,10,8,49,2401,3,0,0,0,0,0,0,0,0,0,0,0,0,1,0
82,12,8,15,52,2704,2,0,0,0,0,0,0,1,0,0,0,0,0,1,0
82,17,12,12,40,1600,0,0,0,0,0,0,0,0,0,0,0,0,0,1,0
82,9,4,0,35,1225,3,0,0,0,1,0,0,1,0,0,0,0,0,1,0
82,12,4,9,35,1225,2,0,0,0,1,0,0,1,0,0,0,0,0,1,0
82,12,12,12,44,1936,1,0,1,0,0,0,1,0,0,0,0,0,0,1,0
82,16,16,12,35,1225,0,0,1,0,0,1,0,0,0,0,0,0,0,1,0
82,16,12,12,50,2500,1,0,0,1,0,0,0,1,0,0,0,0,0,1,0
82,11,8,8,41,1681,3,0,0,0,0,0,0,1,0,0,0,0,0,1,0
82,13,12,12,37,1369,0,0,1,0,0,0,0,1,0,0,0,0,0,1,0
82,12,7,10,37,1369,1,0,0,0,0,0,1,0,0,0,0,0,0,1,0
82,12,6,6,43,1849,2,0,0,0,0,1,0,0,0,0,0,0,0,1,0
82,16,14,12,49,2401,0,0,0,1,0,0,0,1,0,0,0,0,0,1,0
82,12,8,9,42,1764,2,0,1,0,0,1,0,0,0,0,0,0,0,1,0
82,12,8,12,39,1521,0,0,0,0,0,0,0,1,0,0,0,0,0,1,0
82,13,10,12,35,1225,2,0,0,0,0,0,0,0,0,0,0,0,0,1,0
82,10,12,16,37,1369,1,0,0,0,1,1,0,0,0,0,0,0,0,1,0
82,12,8,8,51,2601,6,0,0,1,0,1,0,0,0,0,0,0,0,1,0
82,10,7,8,42,1764,4,0,0,1,0,0,0,1,0,0,0,0,0,1,0
82,13,8,16,46,2116,4,0,0,1,0,0,0,1,0,0,0,0,0,1,0
82,12,8,8,35,1225,4,0,0,1,0,0,0,1,0,0,0,0,0,1,0
82,12,8,12,41,1681,2,0,0,1,0,1,0,0,0,0,0,0,0,1,0
82,8,3,5,54,2916,4,0,0,0,0,1,0,0,0,0,0,0,0,1,0
82,16,12,12,35,1225,2,0,1,0,0,0,0,1,0,0,0,0,0,1,0
82,12,8,11,43,1849,1,0,0,0,0,0,1,0,0,0,0,0,0,1,0
82,12,7,7,52,2704,1,0,0,0,0,1,0,0,0,0,0,0,0,1,0
82,12,2,8,51,2601,2,0,0,0,0,1,0,0,0,0,0,0,0,1,0
82,20,20,16,38,1444,1,0,0,1,0,0,0,0,0,0,0,0,0,1,0
82,18,12,10,42,1764,0,0,1,0,0,0,0,1,0,0,0,0,0,1,0
82,18,12,10,42,1764,1,0,0,1,0,0,0,0,0,0,0,0,0,1,0
82,16,12,18,42,1764,2,0,1,0,0,0,0,0,0,0,0,0,0,1,0
82,19,8,8,39,1521,3,0,1,0,0,0,0,0,0,0,0,0,0,1,0
82,14,16,12,42,1764,0,0,1,0,0,0,0,0,0,0,0,0,0,1,0
82,12,6,6,45,2025,1,0,1,0,0,0,1,0,0,0,0,0,0,1,0
82,12,11,7,41,1681,2,0,1,0,0,0,0,1,0,0,0,0,0,1,0
82,13,7,11,43,1849,1,0,1,0,0,0,0,0,1,0,0,0,0,1,0
82,13,14,12,52,2704,4,0,1,0,0,0,0,1,0,0,0,0,0,1,0
82,16,18,12,48,2304,6,0,1,0,0,0,0,1,0,0,0,0,0,1,0
82,16,16,16,48,2304,2,0,0,1,0,0,0,0,0,0,0,0,0,1,0
82,15,14,12,45,2025,3,0,1,0,0,0,1,0,0,0,0,0,0,1,0
82,16,16,8,47,2209,5,0,1,0,0,0,0,1,0,0,0,0,0,1,0
82,14,9,12,41,1681,2,0,1,0,0,0,0,0,1,0,0,0,0,1,0
82,14,15,15,37,1369,3,0,0,1,0,0,0,0,0,0,0,0,0,1,0
82,13,12,8,35,1225,2,0,0,1,0,0,0,1,0,0,0,0,0,1,0
82,12,8,8,53,2809,3,0,0,1,0,0,0,0,0,0,0,0,0,1,0
82,11,16,12,47,2209,2,0,0,1,0,0,0,0,0,0,0,0,0,1,0
82,12,10,15,37,1369,3,0,0,1,0,0,0,0,0,0,0,0,0,1,0
82,12,12,12,35,1225,1,0,0,1,0,0,0,1,0,0,0,0,0,1,0
82,17,4,6,36,1296,4,1,0,0,0,0,0,1,0,0,0,0,0,1,0
82,13,13,12,41,1681,2,0,0,1,0,0,0,0,0,0,0,0,0,1,0
82,12,8,8,45,2025,2,0,0,1,0,0,0,0,0,0,0,0,0,1,0
82,14,8,16,47,2209,6,0,0,1,0,0,0,1,0,0,0,0,0,1,0
82,15,12,12,45,2025,0,0,0,1,0,0,0,1,0,0,0,0,0,1,0
82,12,9,8,35,1225,2,0,0,1,0,0,0,1,0,0,0,0,0,1,0
82,12,12,12,38,1444,3,0,0,1,0,1,0,0,0,0,0,0,0,1,0
82,18,16,15,44,1936,3,0,0,1,0,0,0,1,0,0,0,0,0,1,0
82,16,8,12,47,2209,2,1,0,0,0,1,0,0,0,0,0,0,0,1,0
82,12,14,13,41,1681,1,0,0,1,0,0,0,0,1,0,0,0,0,1,0
82,9,8,8,43,1849,0,0,0,1,0,0,1,0,0,0,0,0,0,1,0
82,13,8,9,45,2025,6,0,0,1,0,0,0,0,0,0,0,0,0,1,0
82,17,5,11,52,2704,2,0,0,1,0,0,0,1,0,0,0,0,0,1,0
82,12,12,12,39,1521,1,0,0,1,0,0,0,0,1,0,0,0,0,1,0
82,12,12,12,38,1444,1,0,0,0,0,0,0,0,0,0,0,0,0,1,0
82,16,10,16,44,1936,2,0,1,0,0,1,0,0,0,0,0,0,0,1,0
82,15,20,15,38,1444,3,0,0,0,0,0,0,0,0,0,0,0,0,1,0
82,16,16,12,40,1600,3,0,1,0,0,0,0,0,0,0,0,0,0,1,0
82,12,7,7,44,1936,2,0,0,0,0,0,0,0,1,0,0,0,0,1,0
82,13,10,12,35,1225,0,0,0,0,0,0,0,0,1,0,0,0,0,1,0
82,15,5,9,47,2209,6,1,0,0,0,0,0,1,0,0,0,0,0,1,0
82,12,10,8,46,2116,3,0,0,0,0,0,0,0,0,0,0,0,0,1,0
82,12,10,12,43,1849,4,0,0,1,0,1,0,0,0,0,0,0,0,1,0
82,12,8,12,36,1296,1,0,0,0,0,0,0,1,0,0,0,0,0,1,0
82,16,13,8,50,2500,1,0,0,0,0,0,0,0,0,0,0,0,0,1,0
82,16,16,16,36,1296,1,0,0,0,0,0,0,0,1,0,0,0,0,1,0
82,14,6,8,39,1521,2,0,0,1,0,1,0,0,0,0,0,0,0,1,0
82,18,12,12,36,1296,0,0,0,0,0,0,0,0,0,0,0,0,0,1,0
82,12,4,7,54,2916,5,0,0,0,0,0,0,0,0,0,0,0,0,1,0
82,12,10,12,52,2704,2,0,0,0,0,0,0,0,0,0,0,0,0,1,0
82,20,16,13,36,1296,0,0,0,0,0,0,0,0,0,0,0,0,0,1,0
82,15,3,8,50,2500,4,0,0,0,0,0,0,1,0,0,0,0,0,1,0
82,11,9,9,54,2916,2,0,0,0,0,1,0,0,0,0,0,0,0,1,0
82,13,13,12,36,1296,2,0,0,0,1,0,0,0,1,0,0,0,0,1,0
82,15,16,12,35,1225,1,0,0,0,1,0,0,0,1,0,0,0,0,1,0
82,12,10,12,38,1444,2,0,1,0,0,0,0,1,0,0,0,0,0,1,0
82,17,3,12,40,1600,0,1,0,0,0,0,0,0,0,0,0,0,0,1,0
82,14,6,6,52,2704,2,0,0,1,0,0,0,0,0,0,0,0,0,1,0
82,10,8,8,51,2601,1,0,0,0,1,1,0,0,0,0,0,0,0,1,0
82,10,15,13,36,1296,2,0,0,0,1,1,0,0,0,0,0,0,0,1,0
82,12,4,6,41,1681,3,0,0,0,1,0,1,0,0,0,0,0,0,1,0
82,15,3,15,52,2704,3,0,0,0,1,0,0,0,1,0,0,0,0,1,0
82,12,12,8,39,1521,1,0,1,0,0,0,0,1,0,0,0,0,0,1,0
82,10,3,3,42,1764,1,0,0,0,0,1,0,0,0,0,0,0,0,1,0
82,9,8,8,52,2704,6,0,0,1,0,0,0,1,0,0,0,0,0,1,0
82,12,6,7,50,2500,3,0,0,0,0,0,1,0,0,0,0,0,0,1,0
82,14,3,11,46,2116,2,0,0,0,0,0,0,1,0,0,0,0,0,1,0
82,12,6,6,52,2704,3,0,0,0,0,0,0,1,0,0,0,0,0,1,0
82,12,11,4,37,1369,2,0,0,0,0,0,1,0,0,0,0,0,0,1,0
82,16,16,16,42,1764,4,0,0,0,0,0,0,0,1,0,0,0,0,1,0
82,12,12,14,46,2116,1,0,0,0,0,0,0,1,0,0,0,0,0,1,0
82,12,5,12,40,1600,3,0,0,0,1,1,0,0,0,0,0,0,0,1,0
82,13,10,12,39,1521,0,0,0,0,1,1,0,0,0,0,0,0,0,1,0
82,10,5,12,51,2601,2,0,0,1,0,1,0,0,0,0,0,0,0,1,0
82,12,13,8,35,1225,0,0,0,1,0,1,0,0,0,0,0,0,0,1,0
82,11,8,8,45,2025,3,0,0,0,0,0,1,0,0,0,0,0,0,1,0
82,16,4,9,41,1681,5,0,0,0,0,1,0,0,0,0,0,0,0,1,0
82,12,8,2,40,1600,0,0,0,0,0,0,0,1,0,0,0,0,0,1,0
82,12,13,12,54,2916,2,0,0,0,0,0,0,1,0,0,0,0,0,1,0
82,12,8,12,53,2809,4,1,0,1,0,0,0,0,0,0,0,0,0,1,0
82,14,6,6,38,1444,1,1,0,1,0,0,0,0,0,0,0,0,0,1,0
82,8,12,8,52,2704,5,1,0,0,0,1,0,0,0,0,0,0,0,1,0
82,12,12,16,36,1296,6,1,0,0,0,0,0,1,0,0,0,0,0,1,0
82,9,8,11,49,2401,5,1,0,0,0,0,0,0,0,0,0,0,0,1,0
82,16,9,8,50,2500,7,1,0,0,0,0,1,0,0,0,0,0,0,1,0
82,12,7,9,38,1444,4,1,0,0,0,0,0,1,0,0,0,0,0,1,0
82,14,10,11,39,1521,1,1,0,0,0,1,0,0,0,0,0,0,0,1,0
82,11,8,8,54,2916,3,1,1,0,0,0,0,0,1,0,0,0,0,1,0
82,12,7,6,52,2704,4,1,1,0,0,0,1,0,0,0,0,0,0,1,0
82,14,8,12,37,1369,2,1,1,0,0,0,0,0,0,0,0,0,0,1,0
82,12,3,12,40,1600,3,1,0,0,0,0,0,1,0,0,0,0,0,1,0
82,17,12,12,52,2704,1,1,0,0,0,0,0,0,1,0,0,0,0,1,0
82,17,12,12,48,2304,3,1,0,0,0,0,0,0,1,0,0,0,0,1,0
82,12,14,12,36,1296,1,1,0,0,0,0,0,0,0,0,0,0,0,1,0
82,10,5,6,42,1764,6,1,0,0,0,0,0,1,0,0,0,0,0,1,0
82,12,7,7,50,2500,2,1,0,0,0,1,0,0,0,0,0,0,0,1,0
82,12,10,9,47,2209,5,1,0,1,0,0,0,0,1,0,0,0,0,1,0
82,14,6,12,35,1225,2,1,0,1,0,0,1,0,0,0,0,0,0,1,0
82,16,20,18,37,1369,0,1,0,1,0,0,0,0,0,0,0,0,0,1,0
82,14,4,6,49,2401,5,1,0,1,0,0,0,0,0,0,0,0,0,1,0
82,12,5,8,36,1296,1,1,0,0,0,1,0,0,0,0,0,0,0,1,0
82,14,12,2,37,1369,1,1,0,1,0,0,0,0,0,0,0,0,0,1,0
82,9,5,6,51,2601,7,1,0,0,0,1,0,0,0,0,0,0,0,1,0
82,12,7,9,37,1369,2,1,0,0,1,0,0,0,0,0,0,0,0,1,0
84,17,12,12,35,1225,1,0,1,0,0,0,0,0,0,0,0,0,0,0,1
84,12,8,12,43,1849,3,0,1,0,0,0,0,0,0,0,0,0,0,0,1
84,12,7,9,44,1936,5,1,0,0,0,0,0,1,0,0,0,0,0,0,1
84,20,12,12,35,1225,1,1,1,0,0,0,0,0,0,0,0,0,0,0,1
84,12,15,12,43,1849,1,0,1,0,0,0,0,0,0,0,0,0,0,0,1
84,15,12,12,47,2209,2,0,0,0,1,0,0,0,0,0,0,0,0,0,1
84,14,12,12,38,1444,2,0,0,0,1,0,0,0,1,0,0,0,0,0,1
84,13,8,6,38,1444,0,0,0,0,0,0,0,1,0,0,0,0,0,0,1
84,16,12,12,37,1369,2,0,0,1,0,0,0,0,0,0,0,0,0,0,1
84,16,18,18,35,1225,2,0,0,1,0,0,0,0,1,0,0,0,0,0,1
84,15,8,12,36,1296,3,0,0,1,0,0,0,0,0,0,0,0,0,0,1
84,16,4,14,36,1296,2,1,0,1,0,1,0,0,0,0,0,0,0,0,1
84,8,12,8,44,1936,6,1,0,1,0,0,0,0,0,0,0,0,0,0,1
84,13,12,10,38,1444,2,0,0,1,0,0,0,0,0,0,0,0,0,0,1
84,12,12,10,54,2916,7,0,0,1,0,0,0,0,0,0,0,0,0,0,1
84,13,11,10,46,2116,1,1,1,0,0,0,0,0,0,0,0,0,0,0,1
84,12,12,10,37,1369,1,0,1,0,0,0,0,0,0,0,0,0,0,0,1
84,16,10,9,44,1936,3,0,1,0,0,0,0,0,0,0,0,0,0,0,1
84,16,12,12,37,1369,0,0,1,0,0,0,0,0,0,0,0,0,0,0,1
84,14,10,11,41,1681,3,0,1,0,0,0,0,1,0,0,0,0,0,0,1
84,10,4,12,36,1296,3,0,0,1,0,0,0,0,0,0,0,0,0,0,1
84,10,9,11,40,1600,3,0,0,1,0,0,0,0,1,0,0,0,0,0,1
84,12,10,10,44,1936,4,0,0,1,0,0,0,0,0,0,0,0,0,0,1
84,15,12,12,43,1849,4,0,0,0,1,0,0,0,1,0,0,0,0,0,1
84,16,14,16,37,1369,1,0,0,0,0,0,0,0,1,0,0,0,0,0,1
84,16,12,12,36,1296,0,0,0,0,0,1,0,0,0,0,0,0,0,0,1
84,13,10,8,37,1369,1,0,1,0,0,0,1,0,0,0,0,0,0,0,1
84,12,11,16,52,2704,0,0,0,0,0,0,0,0,0,0,0,0,0,0,1
84,16,8,12,48,2304,4,0,0,1,0,0,0,0,1,0,0,0,0,0,1
84,7,11,9,47,2209,1,1,0,0,0,1,0,0,0,0,0,0,0,0,1
84,12,8,10,53,2809,2,0,0,0,0,1,0,0,0,0,0,0,0,0,1
84,18,20,20,35,1225,3,0,0,0,0,0,0,1,0,0,0,0,0,0,1
84,13,8,9,51,2601,3,0,0,0,0,0,0,1,0,0,0,0,0,0,1
84,12,5,12,48,2304,0,0,1,0,0,0,0,0,0,0,0,0,0,0,1
84,12,12,12,36,1296,1,0,1,0,0,0,0,0,0,0,0,0,0,0,1
84,12,14,10,48,2304,1,0,1,0,0,0,0,0,1,0,0,0,0,0,1
84,16,12,12,38,1444,3,0,1,0,0,0,0,0,1,0,0,0,0,0,1
84,12,11,12,37,1369,3,0,1,0,0,0,0,0,0,0,0,0,0,0,1
84,13,12,12,36,1296,2,0,1,0,0,0,0,0,0,0,0,0,0,0,1
84,17,17,14,36,1296,1,0,1,0,0,0,0,0,0,0,0,0,0,0,1
84,13,12,10,37,1369,0,0,1,0,0,0,0,1,0,0,0,0,0,0,1
84,12,12,14,46,2116,5,0,1,0,0,0,0,0,0,0,0,0,0,0,1
84,18,10,10,38,1444,1,0,1,0,0,0,0,0,0,0,0,0,0,0,1
84,20,16,12,41,1681,3,0,0,0,0,0,0,0,0,0,0,0,0,0,1
84,14,5,7,37,1369,1,0,0,0,0,0,0,1,0,0,0,0,0,0,1
84,14,9,8,45,2025,1,0,0,0,0,0,0,1,0,0,0,0,0,0,1
84,12,12,12,41,1681,5,0,0,1,0,0,0,0,0,0,0,0,0,0,1
84,16,12,12,43,1849,0,1,0,0,0,0,0,0,1,0,0,0,0,0,1
84,12,10,12,39,1521,2,0,0,0,0,0,1,0,0,0,0,0,0,0,1
84,13,7,10,36,1296,1,0,1,0,0,0,0,1,0,0,0,0,0,0,1
84,14,16,14,39,1521,2,0,1,0,0,0,0,1,0,0,0,0,0,0,1
84,12,9,9,46,2116,4,0,1,0,0,0,0,0,1,0,0,0,0,0,1
84,10,7,9,44,1936,3,0,1,0,0,0,1,0,0,0,0,0,0,0,1
84,15,8,6,38,1444,3,0,1,0,0,0,0,0,0,0,0,0,0,0,1
84,12,10,12,48,2304,2,0,1,0,0,1,0,0,0,0,0,0,0,0,1
84,9,6,6,48,2304,3,0,1,0,0,0,0,0,0,0,0,0,0,0,1
84,12,8,8,49,2401,3,0,1,0,0,0,0,0,1,0,0,0,0,0,1
84,12,12,11,37,1369,2,0,1,0,0,0,0,0,0,0,0,0,0,0,1
84,12,9,10,41,1681,4,0,1,0,0,0,0,0,1,0,0,0,0,0,1
84,12,9,10,46,2116,1,0,1,0,0,0,0,1,0,0,0,0,0,0,1
84,12,10,12,37,1369,3,0,1,0,0,0,0,0,1,0,0,0,0,0,1
84,10,12,10,48,2304,4,0,1,0,0,1,0,0,0,0,0,0,0,0,1
84,12,12,12,38,1444,5,0,1,0,0,0,0,1,0,0,0,0,0,0,1
84,16,20,18,43,1849,3,0,1,0,0,0,0,1,0,0,0,0,0,0,1
84,12,12,10,46,2116,3,0,1,0,0,0,0,0,1,0,0,0,0,0,1
84,12,11,9,37,1369,3,0,0,1,0,0,0,0,0,0,0,0,0,0,1
84,12,14,12,40,1600,1,0,0,1,0,0,0,1,0,0,0,0,0,0,1
84,10,6,6,48,2304,1,0,0,0,0,1,0,0,0,0,0,0,0,0,1
84,12,9,12,36,1296,4,0,0,1,0,0,0,0,0,0,0,0,0,0,1
84,18,11,10,45,2025,1,0,0,1,0,0,0,1,0,0,0,0,0,0,1
84,14,12,14,35,1225,1,0,0,1,0,0,0,0,0,0,0,0,0,0,1
84,12,9,3,39,1521,4,1,0,1,0,0,0,0,1,0,0,0,0,0,1
84,19,12,12,35,1225,0,0,0,1,0,0,0,0,1,0,0,0,0,0,1
84,16,8,8,52,2704,3,0,0,1,0,0,0,1,0,0,0,0,0,0,1
84,14,8,8,47,2209,2,0,0,0,0,1,0,0,0,0,0,0,0,0,1
84,12,12,12,49,2401,1,0,0,1,0,1,0,0,0,0,0,0,0,0,1
84,11,8,12,47,2209,2,0,0,1,0,0,0,0,0,0,0,0,0,0,1
84,12,12,11,35,1225,0,0,0,1,0,0,0,0,0,0,0,0,0,0,1
84,16,12,12,35,1225,0,0,0,1,0,0,0,1,0,0,0,0,0,0,1
84,14,8,12,35,1225,0,0,0,1,0,0,0,1,0,0,0,0,0,0,1
84,12,12,12,35,1225,3,0,0,1,0,0,0,0,1,0,0,0,0,0,1
84,12,12,12,35,1225,2,0,0,1,0,0,1,0,0,0,0,0,0,0,1
84,17,12,12,39,1521,1,0,0,1,0,1,0,0,0,0,0,0,0,0,1
84,13,12,8,40,1600,2,0,0,1,0,0,0,0,1,0,0,0,0,0,1
84,14,10,13,36,1296,1,0,0,1,0,0,1,0,0,0,0,0,0,0,1
84,12,8,8,45,2025,2,0,0,1,0,0,0,1,0,0,0,0,0,0,1
84,12,7,12,52,2704,0,0,0,0,0,0,1,0,0,0,0,0,0,0,1
84,16,12,16,35,1225,2,0,0,0,0,0,0,1,0,0,0,0,0,0,1
84,15,16,15,44,1936,2,0,0,0,0,0,0,0,1,0,0,0,0,0,1
84,18,13,13,36,1296,1,0,0,0,0,0,0,1,0,0,0,0,0,0,1
84,12,16,12,37,1369,2,0,0,0,0,0,0,1,0,0,0,0,0,0,1
84,16,6,12,54,2916,3,0,0,0,0,0,0,1,0,0,0,0,0,0,1
84,12,5,3,43,1849,5,0,0,0,0,0,0,1,0,0,0,0,0,0,1
84,6,4,5,38,1444,7,0,0,0,0,0,0,1,0,0,0,0,0,0,1
84,12,4,11,43,1849,4,0,0,0,0,1,0,0,0,0,0,0,0,0,1
84,12,4,8,43,1849,2,0,0,0,0,0,0,1,0,0,0,0,0,0,1
84,12,7,8,41,1681,1,0,0,0,0,0,1,0,0,0,0,0,0,0,1
84,8,3,6,51,2601,2,0,0,0,0,1,0,0,0,0,0,0,0,0,1
84,17,12,12,36,1296,2,0,0,0,0,0,0,1,0,0,0,0,0,0,1
84,16,12,12,42,1764,2,0,0,0,0,0,0,1,0,0,0,0,0,0,1
84,14,12,10,35,1225,2,0,0,0,0,0,0,0,0,0,0,0,0,0,1
84,12,11,12,37,1369,3,0,0,0,0,0,0,1,0,0,0,0,0,0,1
84,15,14,12,38,1444,3,0,0,0,0,0,0,0,0,0,0,0,0,0,1
84,12,3,5,39,1521,0,0,0,0,0,0,1,0,0,0,0,0,0,0,1
84,16,16,14,47,2209,3,0,0,0,0,0,1,0,0,0,0,0,0,0,1
84,13,12,16,43,1849,3,0,0,0,0,0,0,0,0,0,0,0,0,0,1
84,12,8,8,51,2601,2,0,0,1,0,0,0,1,0,0,0,0,0,0,1
84,12,5,2,48,2304,2,0,0,0,0,0,0,1,0,0,0,0,0,0,1
84,13,13,14,46,2116,3,0,0,0,0,0,0,1,0,0,0,0,0,0,1
84,16,8,14,36,1296,0,0,0,0,1,0,0,0,0,0,0,0,0,0,1
84,20,14,14,54,2916,0,0,0,1,0,0,0,1,0,0,0,0,0,0,1
84,9,6,12,37,1369,2,0,0,1,0,0,0,0,1,0,0,0,0,0,1
84,19,12,12,44,1936,0,0,0,0,1,0,0,0,0,0,0,0,0,0,1
84,15,17,15,35,1225,1,0,0,1,0,0,0,0,0,0,0,0,0,0,1
84,16,13,16,36,1296,3,0,1,0,0,0,0,0,0,0,0,0,0,0,1
84,12,12,12,45,2025,4,0,0,0,1,0,0,0,1,0,0,0,0,0,1
84,14,14,14,35,1225,1,0,0,0,1,0,0,0,0,0,0,0,0,0,1
84,14,8,6,37,1369,0,0,0,0,1,0,0,1,0,0,0,0,0,0,1
84,11,8,10,38,1444,4,0,0,0,1,0,0,0,1,0,0,0,0,0,1
84,13,12,12,41,1681,4,0,0,0,1,0,0,1,0,0,0,0,0,0,1
84,15,6,12,54,2916,5,0,0,1,0,0,0,0,1,0,0,0,0,0,1
84,13,5,12,48,2304,2,0,0,0,0,0,0,1,0,0,0,0,0,0,1
84,11,10,8,53,2809,4,0,0,1,0,0,0,1,0,0,0,0,0,0,1
84,17,11,8,52,2704,0,0,1,0,0,1,0,0,0,0,0,0,0,0,1
84,18,10,8,54,2916,1,0,0,0,1,0,0,0,1,0,0,0,0,0,1
84,12,12,12,43,1849,5,0,0,0,1,0,0,1,0,0,0,0,0,0,1
84,12,12,10,53,2809,1,0,1,0,0,0,0,0,0,0,0,0,0,0,1
84,14,16,10,44,1936,0,0,1,0,0,0,0,0,0,0,0,0,0,0,1
84,13,12,16,36,1296,0,0,1,0,0,0,0,1,0,0,0,0,0,0,1
84,13,14,14,48,2304,2,0,1,0,0,0,0,1,0,0,0,0,0,0,1
84,12,10,12,36,1296,2,0,1,0,0,0,0,1,0,0,0,0,0,0,1
84,12,6,9,43,1849,2,0,1,0,0,0,0,1,0,0,0,0,0,0,1
84,12,4,8,35,1225,3,0,0,1,0,1,0,0,0,0,0,0,0,0,1
84,12,11,12,36,1296,2,0,0,1,0,1,0,0,0,0,0,0,0,0,1
84,12,13,12,47,2209,5,0,0,1,0,1,0,0,0,0,0,0,0,0,1
84,12,4,12,45,2025,3,0,0,1,0,1,0,0,0,0,0,0,0,0,1
84,12,8,8,50,2500,4,0,0,1,0,0,1,0,0,0,0,0,0,0,1
84,9,8,8,42,1764,2,0,0,1,0,1,0,0,0,0,0,0,0,0,1
84,20,12,13,40,1600,0,0,0,1,0,0,0,1,0,0,0,0,0,0,1
84,16,12,12,36,1296,0,0,0,1,0,0,0,1,0,0,0,0,0,0,1
84,8,8,8,45,2025,3,0,0,1,0,1,0,0,0,0,0,0,0,0,1
84,13,17,13,41,1681,3,0,0,1,0,0,0,1,0,0,0,0,0,0,1
84,12,12,12,42,1764,4,0,0,1,0,0,0,1,0,0,0,0,0,0,1
84,12,8,10,49,2401,5,0,0,1,0,1,0,0,0,0,0,0,0,0,1
84,14,12,12,35,1225,2,0,0,1,0,1,0,0,0,0,0,0,0,0,1
84,16,9,10,42,1764,3,0,0,1,0,0,0,1,0,0,0,0,0,0,1
84,12,8,8,52,2704,1,0,0,1,0,0,0,1,0,0,0,0,0,0,1
84,12,10,10,51,2601,5,0,0,1,0,0,0,1,0,0,0,0,0,0,1
84,12,10,12,37,1369,3,0,0,1,0,0,0,1,0,0,0,0,0,0,1
84,12,8,12,37,1369,2,0,0,1,0,0,0,1,0,0,0,0,0,0,1
84,12,12,12,40,1600,3,0,0,1,0,0,0,0,1,0,0,0,0,0,1
84,12,12,12,40,1600,2,0,0,1,0,0,0,1,0,0,0,0,0,0,1
84,8,0,5,36,1296,2,0,0,1,0,1,0,0,0,0,0,0,0,0,1
84,12,10,10,47,2209,3,0,0,0,0,1,0,0,0,0,0,0,0,0,1
84,16,8,10,51,2601,0,1,0,0,0,1,0,0,0,0,0,0,0,0,1
84,11,7,9,51,2601,3,1,0,0,0,1,0,0,0,0,0,0,0,0,1
84,13,9,10,35,1225,3,1,1,0,0,0,0,0,0,0,0,0,0,0,1
84,12,3,4,50,2500,2,0,0,0,0,1,0,0,0,0,0,0,0,0,1
84,16,12,12,36,1296,2,0,0,0,0,0,0,0,1,0,0,0,0,0,1
84,13,8,11,44,1936,1,0,0,0,1,0,0,0,1,0,0,0,0,0,1
84,18,12,12,43,1849,1,0,0,0,0,1,0,0,0,0,0,0,0,0,1
84,14,15,14,38,1444,2,0,0,0,0,0,0,0,0,0,0,0,0,0,1
84,12,11,11,41,1681,2,0,1,0,0,0,0,1,0,0,0,0,0,0,1
84,12,5,7,45,2025,2,0,0,0,0,1,0,0,0,0,0,0,0,0,1
84,15,12,12,36,1296,3,0,0,0,0,1,0,0,0,0,0,0,0,0,1
84,12,3,8,40,1600,2,0,0,0,0,0,1,0,0,0,0,0,0,0,1
84,11,12,4,47,2209,6,1,0,0,0,1,0,0,0,0,0,0,0,0,1
84,7,3,8,36,1296,3,0,0,0,0,0,1,0,0,0,0,0,0,0,1
84,13,4,4,37,1369,4,0,0,0,0,1,0,0,0,0,0,0,0,0,1
84,9,7,8,40,1600,1,0,0,0,0,1,0,0,0,0,0,0,0,0,1
84,9,10,0,38,1444,4,0,0,0,0,0,1,0,0,0,0,0,0,0,1
84,13,12,12,38,1444,3,0,0,0,1,0,0,0,1,0,0,0,0,0,1
84,12,12,12,41,1681,1,0,0,0,1,0,0,1,0,0,0,0,0,0,1
84,19,10,15,42,1764,0,0,0,0,1,0,0,1,0,0,0,0,0,0,1
84,15,12,10,35,1225,3,0,0,0,1,0,0,1,0,0,0,0,0,0,1
84,12,12,12,46,2116,2,0,0,1,0,1,0,0,0,0,0,0,0,0,1
84,12,6,8,46,2116,2,0,0,0,1,1,0,0,0,0,0,0,0,0,1
