obs,series01,ret,resid,inf,dtbill
1954M01,1954M01,2.678492406,,0.37105794,-0.21
1954M02,1954M02,2.584550346,1.067061056,-0.37105794,0.06
1954M03,1954M03,4.448416133,2.435710332,0,-0.06
1954M04,1954M04,4.420518157,2.30770574,0,-0.21
1954M05,1954M05,1.221139343,-1.035711364,0,-0.12
1954M06,1954M06,4.459216736,2.930767471,0,0.08
1954M07,1954M07,2.396097467,0.420762391,0,0.2
1954M08,1954M08,2.741620566,1.297796321,-0.372439909,0.09
1954M09,1954M09,2.716833598,0.701237386,-0.373832211,-0.03
1954M10,1954M10,4.308232339,2.176428759,0.373832211,-0.05
1954M11,1954M11,4.959130781,3.278833402,0,0.22
1954M12,1954M12,2.17011486,0.234623787,0,0.07
1955M01,1955M01,3.706303839,2.177929156,0,-0.05
1955M02,1955M02,-0.434900788,-2.389604233,0,0.11
1955M03,1955M03,3.808979452,2.840494646,0,0.31
1955M04,1955M04,-0.077977136,-1.694118948,0,-0.14
1955M05,1955M05,6.145833333,4.856756828,-0.373832211,-0.04
1955M06,1955M06,7.64761815,4.821368281,0.373832211,0.19
1955M07,1955M07,-0.2960627,-2.403573132,-0.373832211,0.3
1955M08,1955M08,4.81970304,3.618447932,0.74627212,0.17
1955M09,1955M09,-4.723599835,-5.893480376,-0.372439909,0.16
1955M10,1955M10,7.067468139,6.611842647,0.372439909,0.01
1955M11,1955M11,1.238413052,-0.93428997,0,0.3
1955M12,1955M12,-2.382264345,-3.495261822,-0.372439909,-0.13
1956M01,1956M01,0.955077388,-0.257149171,0.372439909,-0.09
1956M02,1956M02,7.211718809,6.159389599,0,-0.07
1956M03,1956M03,1.486862146,-1.187514858,0,0.35
1956M04,1956M04,-2.834431148,-3.947153234,0.37105794,0.01
1956M05,1956M05,-0.257842716,-0.455457779,0.73801073,-0.12
1956M06,1956M06,5.751266119,5.296969269,0.366972889,-0.18
1956M07,1956M07,-0.282446699,-2.387691296,0,0.29
1956M08,1956M08,-3.086547054,-3.905935155,0.36563112,0.24
1956M09,1956M09,-0.959530672,-0.883150323,0.364299128,0.06
1956M10,1956M10,-0.718474265,-1.24760811,0,0.09
1956M11,1956M11,1.802884615,0.871057114,0.362976805,0.22
1956M12,1956M12,-1.863215978,-2.785578215,0.361664047,-0.1
1957M01,1957M01,-3.996380879,-4.507489576,0.36036075,-0.01
1957M02,1957M02,1.619891113,1.622978283,0.359066813,-0.02
1957M03,1957M03,2.644030585,1.514698093,0,-0.01
1957M04,1957M04,4.160192379,2.457427571,0.357782135,-0.01
1957M05,1957M05,1.954182699,0.326391277,0.356506616,0.23
1957M06,1957M06,2.323869611,1.374451216,0.35524016,-0.13
1957M07,1957M07,-5.203394489,-6.587000829,0.353982671,0.21
1957M08,1957M08,-3.737638162,-3.280923515,0,0.16
1957M09,1957M09,-5.894724875,-6.154071762,0,0.05
1957M10,1957M10,-1.798415778,-1.736892255,0.352734052,-0.27
1957M11,1957M11,0.320115655,-0.382907799,0.351494211,-0.27
1957M12,1957M12,2.327326639,1.200108461,0.350263055,-0.6
1958M01,1958M01,0.700524887,-1.157793444,0.349040494,-0.91
1958M02,1958M02,2.417595734,0.57352965,0.694447235,-0.23
1958M03,1958M03,0.893823716,-0.250215752,0,-0.17
1958M04,1958M04,3.555213746,2.042231865,0,-0.22
1958M05,1958M05,2.732646834,0.638548219,0,-0.08
1958M06,1958M06,3.070763501,1.280493109,0,0.08
1958M07,1958M07,4.054298971,2.356117032,0,0.78
1958M08,1958M08,2.943745632,1.747403757,0,0.75
1958M09,1958M09,4.360135825,3.355553274,0,0.19
1958M10,1958M10,3.327335623,1.481490236,0.345423487,0.04
1958M11,1958M11,2.163492063,0.738774745,0,0.1
1958M12,1958M12,4.255728485,2.758597215,0,0.05
1959M01,1959M01,-1.26403422,-3.228671839,0,-0.12
1959M02,1959M02,2.807193719,1.774817086,0,0.1
1959M03,1959M03,1.937421356,0.31179895,0,0.15
1959M04,1959M04,1.766393754,0.364258135,0,-0.11
1959M05,1959M05,-0.605302507,-2.232617765,0.344234419,0.37
1959M06,1959M06,4.228545945,3.916714413,0.34305351,-0.01
1959M07,1959M07,-0.317580348,-1.974561252,0,0.18
1959M08,1959M08,-3.702300786,-4.624387621,0.341880675,0.66
1959M09,1959M09,0.177719836,0.770845146,0.340715832,0.01
1959M10,1959M10,0.670077485,-0.160826062,0,0.1
1959M11,1959M11,3.464092259,2.265065761,0,0.34
1959M12,1959M12,-1.480603059,-2.997979531,0,-0.14
1960M01,1960M01,-3.603979264,-4.613073581,0,-0.39
1960M02,1960M02,-1.072666428,-1.907252667,0,-0.65
1960M03,1960M03,1.584776748,-0.014411065,0.3395589,-0.08
1960M04,1960M04,-0.624040014,-1.82679556,0.338409798,0.06
1960M05,1960M05,3.98859109,3.36516427,0,-0.83
1960M06,1960M06,-2.196122948,-4.98513141,0,-0.16
1960M07,1960M07,1.490866762,0.604651813,0,0
1960M08,1960M08,-2.720757388,-4.183362048,0,0.18
1960M09,1960M09,-1.673964605,-2.116346371,0.673403218,-0.18
1960M10,1960M10,3.54085241,3.24119931,0,0.07
1960M11,1960M11,2.690643591,0.88865205,0,-0.12
1960M12,1960M12,5.426448063,3.604666837,0,-0.01
1961M01,1961M01,4.373650647,2.115479498,0,0.18
1961M02,1961M02,3.396600718,1.538083793,0,-0.03
1961M03,1961M03,2.91900603,1.046070926,0,-0.1
1961M04,1961M04,1.263355107,-0.584062591,0,0
1961M05,1961M05,-1.080200501,-2.497390906,0,0.04
1961M06,1961M06,-0.027091588,-0.936582906,0.335008689,-0.09
1961M07,1961M07,3.839818918,2.944036743,0,0.15
1961M08,1961M08,-0.54088607,-2.322764728,0.333890127,-0.11
1961M09,1961M09,1.345524829,0.531174455,0,0.02
1961M10,1961M10,4.774509804,3.360864876,0,0.18
1961M11,1961M11,1.165353592,-0.77317998,0,0.12
1961M12,1961M12,-3.48635466,-4.764297033,0,0.12
1962M01,1962M01,1.910299937,1.560898406,0.332779009,0.01
1962M02,1962M02,0.341782968,-0.843342736,0.331675263,-0.01
1962M03,1962M03,-2.94415161,-3.837293691,0,0.01
1962M04,1962M04,-7.184260348,-7.75160445,0,-0.04
1962M05,1962M05,-11.41186432,-11.18269717,0,0.04
1962M06,1962M06,2.7183579,3.871199664,0,0.19
1962M07,1962M07,3.02400825,1.505882869,0.330578813,-0.1
1962M08,1962M08,-0.592390066,-2.111860329,0.32948959,-0.04
1962M09,1962M09,-2.853926724,-3.592824115,0,-0.04
1962M10,1962M10,7.203330663,6.568107484,0,0.09
1962M11,1962M11,4.626082612,2.112960881,0,0.04
1962M12,1962M12,4.147598712,2.099059837,0,0.04
1963M01,1963M01,1.59638923,-0.3566381,0.32840752,0.01
1963M02,1963M02,-0.107453479,-1.234532424,0,-0.03
1963M03,1963M03,4.980289072,3.806808287,0,0.01
1963M04,1963M04,2.271588375,0.122423914,0,0.03
1963M05,1963M05,0.218610398,-1.369914927,0.327332534,0.06
1963M06,1963M06,-1.221493605,-2.024815719,0.326264563,0.19
1963M07,1963M07,3.031546499,2.644219972,0.325203539,0.14
1963M08,1963M08,2.894007702,1.606730747,-0.325203539,0.06
1963M09,1963M09,0.502554335,-1.523526412,0.325203539,0.07
1963M10,1963M10,-0.303908211,-1.156182419,0,0.07
1963M11,1963M11,2.39603415,1.361506317,0.324149392,0
1963M12,1963M12,3.332060357,2.030893974,0,0
1964M01,1964M01,1.481723349,-0.348407252,0,0.01
1964M02,1964M02,2.072834561,0.62202885,0,0.01
1964M03,1964M03,1.694867809,0.126068691,0.323102058,-0.07
1964M04,1964M04,1.222096781,-0.010029817,0,0.01
1964M05,1964M05,-0.348942848,-1.747923754,0,0
1964M06,1964M06,3.963110668,2.867755687,0,-0.02
1964M07,1964M07,-1.223664183,-3.19970816,0.32206147,0.04
1964M08,1964M08,1.967479675,1.426543209,0,0.03
1964M09,1964M09,1.972185589,0.444364275,0,0.04
1964M10,1964M10,0.938911805,-0.579875065,0.321027563,0.07
1964M11,1964M11,-1.488373908,-2.432158189,0.320000273,0.2
1964M12,1964M12,2.822442234,2.491750653,0,-0.03
1965M01,1965M01,0.976673053,-0.781652628,0,0.12
1965M02,1965M02,0.337175793,-0.903103516,0,0
1965M03,1965M03,1.559560828,0.327247735,0.318979537,0
1965M04,1965M04,1.73449282,0.594840789,0.317965292,-0.04
1965M05,1965M05,-4.505488351,-5.72102476,0.316957476,-0.09
1965M06,1965M06,0.104526301,0.08363773,0,0.04
1965M07,1965M07,2.120218467,0.97424043,0,0
1965M08,1965M08,3.597718426,2.009487065,0,0.08
1965M09,1965M09,2.498694712,0.695325788,0.315956029,0.11
1965M10,1965M10,1.077798446,-0.142796074,0.31496089,0.06
1965M11,1965M11,-0.209802858,-1.197687536,0.313972,0.29
1965M12,1965M12,1.982266797,1.479757728,0,0.21
1966M01,1966M01,-0.428632662,-1.779877173,0.625002035,0.06
1966M02,1966M02,-3.860538713,-4.220489471,0.311042241,-0.06
1966M03,1966M03,3.322520065,3.196569466,0.310077768,0.03
1966M04,1966M04,-5.00606532,-6.477100603,0.309119257,0.02
1966M05,1966M05,-0.557924253,-0.377452151,0,-0.14
1966M06,1966M06,0.02033465,-1.172938233,0.308166654,0.3
1966M07,1966M07,-5.767513203,-6.31211409,0.613498857,0.16
1966M08,1966M08,-3.2227733,-2.429417678,0.305343749,0.41
1966M09,1966M09,-0.565123377,-0.355625728,0.304414238,-0.02
1966M10,1966M10,5.315340983,4.564482807,0,-0.03
1966M11,1966M11,0.715108861,-1.540831497,0,-0.36
1966M12,1966M12,4.131316857,2.464506452,0,-0.24
1967M01,1967M01,3.731004539,1.501960716,0.30349037,-0.16
1967M02,1967M02,2.634691697,0.885662721,0,-0.3
1967M03,1967M03,1.992469992,0.00232898,0.302572092,-0.42
1967M04,1967M04,2.057681032,0.395397789,0,-0.24
1967M05,1967M05,-0.991827771,-2.806947193,0.60241146,-0.06
1967M06,1967M06,1.993024718,1.601966212,0.2998503,0.67
1967M07,1967M07,1.852249758,1.274127914,0.298953885,0.06
1967M08,1967M08,1.654496067,0.49512645,0.298062814,0.15
1967M09,1967M09,0.097415023,-0.933656635,0.297177039,0.14
1967M10,1967M10,-2.881733919,-3.612900849,0.591717703,0.17
1967M11,1967M11,3.111734657,3.31603662,0.294551023,0.24
1967M12,1967M12,-0.016614201,-1.252511682,0.293685967,0.03
1968M01,1968M01,-4.256102694,-5.077904415,0.292825978,-0.02
1968M02,1968M02,-1.558310376,-1.584632325,0.29197101,0.19
1968M03,1968M03,7.662974707,7.306686238,0.291121021,0.21
1968M04,1968M04,2.558854221,0.380929054,0.290275966,0.28
1968M05,1968M05,2.941827594,1.851675306,0.578036292,-0.14
1968M06,1968M06,0.050027363,-1.231756443,0.574714226,-0.21
1968M07,1968M07,-1.932812396,-2.710678547,0.286123228,-0.22
1968M08,1968M08,3.508816634,2.81218555,0.285306898,0.1
1968M09,1968M09,2.718273281,1.253723194,0.568183347,0.16
1968M10,1968M10,1.786823218,0.838478677,0.28288562,0.1
1968M11,1968M11,1.286369386,0.162995829,0.563381772,0.51
1968M12,1968M12,-3.984350548,-4.30285323,0.280505093,0.18
1969M01,1969M01,-0.237745098,-0.131840155,0.279720462,-0.02
1969M02,1969M02,-1.912972085,-2.755242062,0.834497193,-0.1
1969M03,1969M03,2.275092313,2.272964202,0.552487593,0.09
1969M04,1969M04,3.514313919,2.568051384,0.275103337,-0.07
1969M05,1969M05,-4.970522626,-6.61649402,0.547946576,0.4
1969M06,1969M06,-4.204771871,-3.400321211,0.544960477,0.56
1969M07,1969M07,-0.283028015,0.524998171,0.271370587,-0.02
1969M08,1969M08,0.629114462,-0.212929283,0.540541857,0.11
1969M09,1969M09,1.346711988,0.736347381,0.537635704,-0.09
1969M10,1969M10,0.997755269,0.041605564,0.534760633,0.24
1969M11,1969M11,-5.02719745,-5.587589787,0.531916148,0.58
1969M12,1969M12,-0.588726997,0.389645981,0.529101763,0.05
1970M01,1970M01,-3.195782121,-3.634967103,0.526317004,-0.74
1970M02,1970M02,2.012582224,1.302929192,0.523561405,-0.5
1970M03,1970M03,-2.747383907,-4.260230543,0.520834511,-0.12
1970M04,1970M04,-11.19869401,-11.3852636,0.259403518,0.33
1970M05,1970M05,-0.26952406,1.403792265,0.516797016,-0.16
1970M06,1970M06,0.522923006,-0.202415877,0.2574004,-0.23
1970M07,1970M07,3.25614875,2.029032145,0.256739551,-0.04
1970M08,1970M08,6.321654689,4.737755865,0.511510067,-0.29
1970M09,1970M09,2.487822919,0.31156037,0.508906951,-0.21
1970M10,1970M10,0.205115365,-1.128822011,0.506330196,-0.63
1970M11,1970M11,7.156699889,5.856800862,0.503779403,-0.41
1970M12,1970M12,4.10975384,1.638960574,0.250941161,-0.43
1971M01,1971M01,4.150176489,2.000788806,0,-0.74
1971M02,1971M02,2.830982048,0.099483312,0.250313022,-0.32
1971M03,1971M03,3.673583501,1.888504025,0.24968802,0.48
1971M04,1971M04,-1.108144822,-2.264173587,0.497513464,0.28
1971M05,1971M05,-1.596128609,-1.735573237,0.495050516,0.61
1971M06,1971M06,-0.463241242,-0.178741938,0.24660925,0.65
1971M07,1971M07,-1.517396465,-1.681356535,0.246002584,-0.46
1971M08,1971M08,2.486116824,1.424846966,0.245398896,-0.25
1971M09,1971M09,-1.864241281,-3.515851161,0.244798164,-0.23
1971M10,1971M10,-4.372094597,-5.136003431,0.244200366,-0.24
1971M11,1971M11,7.163002084,6.889088303,0.24360548,-0.21
1971M12,1971M12,4.422540419,1.875366417,0.243013485,-0.63
1972M01,1972M01,2.086963537,-0.332703702,0.484262448,-0.18
1972M02,1972M02,2.619613435,1.36960329,0,0.53
1972M03,1972M03,1.258898174,0.099592854,0.241254641,-0.02
1972M04,1972M04,-0.77588848,-1.957506216,0.240674003,-0.02
1972M05,1972M05,0.516094089,-0.25996687,0.240096154,0.22
1972M06,1972M06,-0.50360108,-1.298796939,0.239521073,0.07
1972M07,1972M07,3.783945118,3.042079488,0.23894874,0.04
1972M08,1972M08,-1.21021021,-2.83845073,0.476191376,0.64
1972M09,1972M09,0.419205515,0.636687201,0.237248035,0.08
1972M10,1972M10,5.2559816,4.337486639,0.47281412,0.04
1972M11,1972M11,2.313205908,0.637959632,0.235571369,0.29
1972M12,1972M12,0.989834752,-0.099046771,0.46948443,0.34
1973M01,1973M01,-3.324653012,-3.852621592,0.700119546,0.19
1973M02,1973M02,-1.344862814,-0.917788876,0.925932541,0.49
1973M03,1973M03,-1.632067764,-1.062638423,0.6888661,0.17
1973M04,1973M04,-2.568500302,-2.511113154,0.456621798,0.1
1973M05,1973M05,-1.988495025,-2.059121246,0.6810469,0.83
1973M06,1973M06,1.211567271,1.990120346,0,0.82
1973M07,1973M07,-1.634110744,-2.223111558,1.793770069,0.66
1973M08,1973M08,1.996628131,3.709303175,0.443459707,-0.38
1973M09,1973M09,4.238215751,2.763696617,0.881062968,-1.07
1973M10,1973M10,-6.850081208,-8.998377204,0.655740055,0.61
1973M11,1973M11,-6.802287582,-5.299432999,0.867684403,-0.38
1973M12,1973M12,1.702187522,2.431790377,1.074124183,0.32
1974M01,1974M01,-2.471126834,-2.523074767,1.062709257,-0.65
1974M02,1974M02,4.576422329,4.378014692,1.0515344,0.84
1974M03,1974M03,-4.814928845,-4.94581538,0.625653761,0.37
1974M04,1974M04,-2.703871945,-1.878385687,1.034135379,-0.1
1974M05,1974M05,0.45909074,0.825543228,0.81967672,-0.33
1974M06,1974M06,-11.34406207,-12.06472416,0.610378294,-0.35
1974M07,1974M07,-3.761610558,-2.367061674,1.209692171,1.41
1974M08,1974M08,-10.01030295,-7.741377294,1.393057354,-0.9
1974M09,1974M09,2.377340233,3.783167765,0.787405643,-0.6
1974M10,1974M10,3.743840006,2.33691758,0.975617495,0.01
1974M11,1974M11,-6.091441316,-6.964085577,0.77369825,-0.32
1974M12,1974M12,8.635670444,9.184025004,0.76775809,-0.89
1975M01,1975M01,10.81021109,7.844068153,0.571974867,-0.76
1975M02,1975M02,4.976071577,1.498883701,0.379507097,-0.01
1975M03,1975M03,1.488355415,-0.279366528,0.378072284,0.12
1975M04,1975M04,6.713946923,5.770563129,0.18850147,-0.38
1975M05,1975M05,2.895856456,0.210605782,0.750472565,0.11
1975M06,1975M06,0.431998557,-0.409266946,0.930239266,0.79
1975M07,1975M07,-6.996251847,-6.47774723,0.369686188,0.31
1975M08,1975M08,-0.852681523,0.078222761,0.735297431,-0.02
1975M09,1975M09,4.970276761,4.731591717,0.547946576,-0.46
1975M10,1975M10,2.040758722,0.003150578,0.725956001,-0.48
1975M11,1975M11,-1.180563266,-2.46547064,0.541029273,-0.04
1975M12,1975M12,9.54559658,9.147374295,0.359066813,-0.57
1976M01,1976M01,4.178425046,0.918460411,0.179051077,0.01
1976M02,1976M02,0.802683897,-0.997439905,0.178731057,0.12
1976M03,1976M03,1.097373063,0.080464746,0.178412179,-0.14
1976M04,1976M04,-0.3813649,-1.716752475,0.533334598,0.34
1976M05,1976M05,0.902503294,0.715634052,0.530505223,0.21
1976M06,1976M06,2.667812705,2.092021126,0.52770571,-0.18
1976M07,1976M07,-0.558221369,-1.87832458,0.524935589,-0.09
1976M08,1976M08,2.440303324,1.850998583,0.522194398,-0.06
1976M09,1976M09,-3.102948657,-4.263769276,0.519481688,-0.16
1976M10,1976M10,-0.361193163,-0.518110506,0.344827928,-0.17
1976M11,1976M11,3.791996047,2.893478052,0.515022598,-0.4
1976M12,1976M12,-0.533534702,-2.310849412,0.5123837,0.27
1977M01,1977M01,-2.3648579,-2.613281218,1.016957917,0.05
1977M02,1977M02,-0.050330033,0.379928135,0.504626807,-0.07
1977M03,1977M03,-1.188976972,-1.881150518,0.668898815,-0.06
1977M04,1977M04,0.069268888,-0.21226246,0.332779009,0.42
1977M05,1977M05,0.90454975,0.495843577,0.497101272,0.06
1977M06,1977M06,1.286355625,0.525292482,0.494642394,0.17
1977M07,1977M07,-2.074739687,-2.804899541,0.492207721,0.3
1977M08,1977M08,-1.171355499,-1.103507651,0.326797676,0.32
1977M09,1977M09,-2.192951782,-2.460064375,0.48820276,0.35
1977M10,1977M10,0.98617897,1.123265493,0.647251451,-0.06
1977M11,1977M11,-0.075130816,-0.813698855,0.482704075,-0.03
1977M12,1977M12,-3.38650874,-4.056974711,0.640002185,0.37
1978M01,1978M01,-0.967989843,-0.412490675,0.477327875,0.01
1978M02,1978M02,0.269723533,-0.188295335,0.632913505,-0.16
1978M03,1978M03,4.833433724,4.123008464,0.785549994,0
1978M04,1978M04,5.507616043,4.206895555,0.934586242,0.12
1978M05,1978M05,0.676693016,-0.481617946,0.772204609,0.32
1978M06,1978M06,-0.059161888,-0.225066941,0.766287275,0.28
1978M07,1978M07,7.331286655,7.266127077,0.608829887,0.07
1978M08,1978M08,0.402630735,-1.513394781,0.906350615,0.77
1978M09,1978M09,-2.772163138,-2.292957056,0.898209632,0.14
1978M10,1978M10,-5.436271537,-4.960277844,0.59435539,0.65
1978M11,1978M11,1.924295217,3.120042375,0.590843669,0.44
1978M12,1978M12,4.189065481,3.702392429,0.87977107,0.27
1979M01,1979M01,-1.053332163,-1.856690687,1.016711736,-0.03
1979M02,1979M02,2.344836947,2.43324742,1.006478662,0.16
1979M03,1979M03,2.434787712,2.023581771,0.996449526,-0.02
1979M04,1979M04,-1.889215638,-2.508490599,1.126772485,0.15
1979M05,1979M05,2.421538153,2.972493122,1.114217655,-0.55
1979M06,1979M06,1.425489184,0.404544896,1.101939525,0.18
1979M07,1979M07,5.018932976,4.911941832,0.954335805,0.28
1979M08,1979M08,1.544847921,0.664509826,0.945314264,0.74
1979M09,1979M09,-3.348935697,-3.086528358,1.069528912,1.44
1979M10,1979M10,-0.318713716,1.749823756,1.058210933,0.09
1979M11,1979M11,4.407746705,4.513003604,1.177253623,0.25
1979M12,1979M12,3.316326531,2.763344807,1.420295018,-0.04
1980M01,1980M01,4.399609258,4.03176512,1.273902578,0.86
1980M02,1980M02,-8.7742122,-8.615159931,1.382800161,2.34
1980M03,1980M03,-1.158335721,3.221439364,0.993796999,-2
1980M04,1980M04,5.03991343,3.160259025,0.98401778,-4.62
1980M05,1980M05,6.866295265,1.125932029,0.974429147,-1.51
1980M06,1980M06,4.972609802,1.959410574,0.121138719,0.99
1980M07,1980M07,3.507698247,2.465354693,0.72376673,1.07
1980M08,1980M08,2.838731444,2.804633298,0.837826565,1.14
1980M09,1980M09,3.326745718,3.616382298,0.948998818,1.35
1980M10,1980M10,4.616615463,5.135624055,1.056968149,2.11
1980M11,1980M11,-1.242937853,-0.10943911,0.930239266,1.76
1980M12,1980M12,0.012484395,1.832787036,0.92166551,-0.47
1981M01,1981M01,-3.067669173,-3.731172768,0.913248356,-0.23
1981M02,1981M02,4.145898235,4.327720446,0.679504313,-1.43
1981M03,1981M03,1.296087963,-1.405571028,0.562747687,0.33
1981M04,1981M04,-1.6149969,-2.115637279,0.671143459,2.61
1981M05,1981M05,0.859908884,3.328791827,0.887908164,-1.57
1981M06,1981M06,-2.013521668,-3.9789297,1.098912158,0.22
1981M07,1981M07,0.805362122,1.421541817,0.762115828,0.56
1981M08,1981M08,-8.299897119,-8.262762982,0.971405372,-0.81
1981M09,1981M09,1.729830234,2.438973195,0.321716095,-1.16
1981M10,1981M10,3.046280607,0.718567426,0.427351078,-2.68
1981M11,1981M11,1.181855167,-2.813165181,0.319319058,-0.01
1981M12,1981M12,-4.802100162,-5.875972741,0.318302656,1.43
1982M01,1982M01,-1.911764706,-0.356007506,0.317292704,1.2
1982M02,1982M02,-2.742358079,-1.994012518,0,-0.8
1982M03,1982M03,5.471570397,4.056067443,0.316289141,0.02
1982M04,1982M04,0.571797077,-1.331634367,0.942909029,-0.61
1982M05,1982M05,-5.26847079,-6.160832345,1.140499661,0.38
1982M06,1982M06,0.244859465,1.714243049,0.51413995,-1.12
1982M07,1982M07,0.794993144,-0.993313045,0.204918104,-2.67
1982M08,1982M08,12.09738681,8.32696081,0,-0.76
1982M09,1982M09,8.881853894,4.544042074,0.408580752,-0.21
1982M10,1982M10,4.500334715,1.784177831,-0.10198879,0.36
1982M11,1982M11,1.355901521,-0.456018068,-0.306591962,-0.13
1982M12,1982M12,3.926550096,2.037636296,0.204499049,-0.08
1983M01,1983M01,2.130784823,0.318033146,0.102092913,0.25
1983M02,1983M02,3.86637148,2.633129375,0.10198879,0.24
1983M03,1983M03,4.197937239,2.608165996,0.711023818,-0.14
1983M04,1983M04,4.424540266,3.032381615,0.404040954,-0.02
1983M05,1983M05,1.754011781,0.112302878,0.201409937,0.6
1983M06,1983M06,0.709134615,0.005007958,0.401606965,0.29
1983M07,1983M07,-2.406187625,-2.999634696,0.3001503,0.26
1983M08,1983M08,3.314860427,3.206268588,0.299252094,-0.34
1983M09,1983M09,0.64942185,-1.200541169,0.397614838,-0.36
1983M10,1983M10,-1.139932419,-2.373970892,0.297177039,0.12
1983M11,1983M11,-0.126614205,-0.630738271,0.296296513,0.24
1983M12,1983M12,1.577453366,0.989814265,0.687963401,-0.1
1984M01,1984M01,-5.110677083,-5.964197166,0.488520757,0.19
1984M02,1984M02,0.443949989,1.004206773,0.29197101,0.43
1984M03,1984M03,0.509494388,-0.007099684,0.387973329,0.17
1984M04,1984M04,-0.250281832,-0.937953345,0.193423658,0.14
1984M05,1984M05,-1.845998297,-2.617266282,0.193050253,0.04
1984M06,1984M06,-0.907177771,-1.460052375,0.384986039,0.25
1984M07,1984M07,9.207846349,8.879598364,0.287769983,0.35
1984M08,1984M08,1.408150852,-0.94205413,0.286944243,-0.1
1984M09,1984M09,-0.409893638,-1.652871786,0.381316001,-0.63
1984M10,1984M10,1.288430421,-0.020650301,0.190114126,-1.13
1984M11,1984M11,-0.705051112,-3.053632222,0.189753378,-0.55
1984M12,1984M12,4.699763425,3.327206872,0.189393996,-0.3
1985M01,1985M01,5.789465326,3.587004061,0.566039247,0.51
1985M02,1985M02,-0.476322093,-1.690895871,0.469264118,0.25
1985M03,1985M03,1.025950855,0.700649274,0.187090794,-0.57
1985M04,1985M04,2.736864618,0.996019974,0.186741417,-0.47
1985M05,1985M05,2.51216874,0.529172998,0.279459893,-0.53
1985M06,1985M06,2.248691106,0.348563823,0.185873659,0.13
1985M07,1985M07,-1.8438671,-3.13190465,0.18552881,0.06
1985M08,1985M08,-1.883519207,-2.424810071,0.185185238,-0.04
1985M09,1985M09,1.49646931,0.862992838,0.369344834,0.06
1985M10,1985M10,6.42141067,5.407353073,0.459770925,0.08
1985M11,1985M11,5.29535865,3.4136066,0.457666703,-0.14
1985M12,1985M12,0.753336549,-1.125285638,0.364631215,-0.03
1986M01,1986M01,5.698847262,4.738389321,-0.182149413,-0.01
1986M02,1986M02,6.184290489,3.679496556,-0.548447444,-0.5
1986M03,1986M03,2.742383054,-0.73463492,-0.367309871,-0.5
1986M04,1986M04,0.492763655,-2.106024834,0.27560881,0.09
1986M05,1986M05,3.134171908,2.251455228,0.366300776,0.06
1986M06,1986M06,-1.802441568,-3.146618514,0.091365927,-0.38
1986M07,1986M07,2.28235741,1.194566429,0.091282526,-0.3
1986M08,1986M08,-2.454761905,-4.278228918,0.364299128,-0.32
1986M09,1986M09,-0.089289761,-0.698960825,0.181653093,-0.03
1986M10,1986M10,3.533534471,2.548152533,0.181323712,0.17
1986M11,1986M11,1.709506324,0.200090512,0.361664047,0.18
1986M12,1986M12,6.674041298,5.729037805,0.540055318,-0.1
1987M01,1987M01,6.462507876,4.435534631,0.358423323,0.16
1987M02,1987M02,4.377002492,2.459870698,0.357143237,0
1987M03,1987M03,-0.854700855,-2.516470881,0.444642796,0.05
1987M04,1987M04,0.174559281,-0.300675556,0.265839767,0.02
1987M05,1987M05,4.500172951,3.600846647,0.441501821,0.01
1987M06,1987M06,3.123387248,1.536040331,0.263968477,0.02
1987M07,1987M07,6.455265237,4.965339875,0.438404911,0.35
1987M08,1987M08,-3.029245092,-4.671012813,0.349345333,0.36
1987M09,1987M09,-11.85257818,-11.6851391,0.261210423,-0.27
1987M10,1987M10,-12.30192719,-11.09460843,0.347222571,-0.44
1987M11,1987M11,-1.332993197,-0.11475233,0.173160216,0.08
1987M12,1987M12,4.248155947,3.611781337,0.345423487,0.04
1988M01,1988M01,3.330117432,1.721592525,0.172265331,-0.15
1988M02,1988M02,3.233565801,1.436032256,0.257842859,0.04
1988M03,1988M03,-0.883097165,-2.381533216,0.599060414,0.21
1988M04,1988M04,-2.185304963,-2.332311583,0.255645644,0.35
1988M05,1988M05,6.001236496,5.891345741,0.424629088,0.2
1988M06,1988M06,-0.304560091,-2.019844519,0.422833611,0.27
1988M07,1988M07,-1.716111421,-2.104756069,0.421053254,0.33
1988M08,1988M08,1.929591708,1.880674642,0.419287826,0.18
1988M09,1988M09,3.804415423,2.876298692,0.334169066,0.11
1988M10,1988M10,-2.01754386,-3.47955421,0.333056095,0.41
1988M11,1988M11,2.328720787,2.326887941,0.331950512,0.31
1988M12,1988M12,3.514566908,2.544258758,0.413394553,0.2
1989M01,1989M01,3.302285389,2.071514802,0.32948959,0.26
1989M02,1989M02,-0.159297052,-1.376407621,0.492207721,0.29
1989M03,1989M03,3.56698269,3.242509727,0.733798645,-0.17
1989M04,1989M04,4.11824071,2.846144832,0.486224621,-0.22
1989M05,1989M05,3.395455028,1.702151554,0.322841281,-0.28
1989M06,1989M06,2.801547214,1.020236362,0.321802369,-0.27
1989M07,1989M07,4.69385106,3.039969145,0,0.02
1989M08,1989M08,0.458501635,-1.623512306,0.240674003,-0.15
1989M09,1989M09,0.28785632,-0.864264269,0.479617226,-0.11
1989M10,1989M10,-1.810513817,-2.636485132,0.397931285,0.05
1989M11,1989M11,2.739809916,2.406066293,0.317208831,-0.06
1989M12,1989M12,-2.209313444,-3.646270099,0.945633524,0.01
1990M01,1990M01,-2.524977694,-2.240942285,0.391389932,0.1
1990M02,1990M02,2.709436627,2.561274191,0.467654788,0.16
1990M03,1990M03,0.198859048,-0.853823787,0.233009814,-0.13
1990M04,1990M04,3.853798273,2.76536418,0.155038791,-0.03
1990M05,1990M05,3.172733762,1.37217081,0.617762582,-0.01
1990M06,1990M06,0.171265851,-0.985021472,0.460830309,-0.11
1990M07,1990M07,-7.859916766,-8.682443652,0.839379213,-0.17
1990M08,1990M08,-4.339632149,-3.219337501,0.681562654,-0.09
1990M09,1990M09,-2.313214018,-1.982389491,0.676948806,-0.19
1990M10,1990M10,2.986164474,2.807882146,0.224635063,-0.11
1990M11,1990M11,4.588896994,2.955189397,0.373274043,-0.32
1990M12,1990M12,-0.684747782,-2.690951309,0.371885888,-0.52
1991M01,1991M01,11.60694389,10.45248651,0.074211506,-0.28
1991M02,1991M02,3.044774471,-0.638069908,0,-0.03
1991M03,1991M03,2.259276172,0.456570115,0.222304649,-0.26
1991M04,1991M04,-0.178659222,-1.819337264,0.369413054,-0.19
1991M05,1991M05,0.347231408,-0.581722113,0.294551023,0.11
1991M06,1991M06,0.781439724,-0.0322868,0.146950798,0.01
1991M07,1991M07,2.679884544,1.523962708,0.293255342,-0.25
1991M08,1991M08,-0.302174285,-1.941952925,0.292397869,-0.11
1991M09,1991M09,0.181071367,-0.724721681,0.145878946,-0.23
1991M10,1991M10,0.015222205,-1.261360995,0.436364329,-0.43
1991M11,1991M11,0.934563295,-0.201799512,0.289855275,-0.49
1991M12,1991M12,7.358883941,5.824533971,0.072332734,-0.27
1992M01,1992M01,-0.600044863,-3.42693093,0.216684809,0.04
1992M02,1992M02,-1.011570034,-1.788208045,0.360101217,0.2
1992M03,1992M03,0.264303483,-0.119240012,0.21543994,-0.29
1992M04,1992M04,2.068350474,0.788727929,0.214976794,-0.12
1992M05,1992M05,-1.32912257,-2.799790242,0.285918708,0.03
1992M06,1992M06,1.912608894,1.344602835,0.285103543,-0.45
1992M07,1992M07,0.942189696,-0.752510726,0.213295495,-0.08
1992M08,1992M08,0.378651927,-0.82909885,0.212841513,-0.22
1992M09,1992M09,-1.182320541,-2.417694359,0.424328784,-0.05
1992M10,1992M10,2.756834343,2.225818265,0.281888841,0.27
1992M11,1992M11,3.271134866,2.122637255,0.140646999,0.09
1992M12,1992M12,0.143338919,-1.436420969,0.350754481,-0.22
1993M01,1993M01,1.724886841,0.682043861,0.209863666,-0.07
1993M02,1993M02,2.150781073,0.793145575,0.139664827,0.02
1993M03,1993M03,-1.341498949,-2.768475066,0.348311045,-0.08
1993M04,1993M04,0.724976302,0.115580445,0.277777956,0.09
1993M05,1993M05,0.865431406,-0.061348496,0.069324093,0.11
1993M06,1993M06,0.061003735,-1.093876458,0.138504177,-0.03
1993M07,1993M07,1.762465813,0.701542121,0.20739724,-0.02
1993M08,1993M08,1.354971778,0.037100889,0.138026247,-0.07
1993M09,1993M09,1.242269837,-0.117346183,0.412939334,0.07
1993M10,1993M10,0.007904002,-0.899426774,0.274348595,0.08
1993M11,1993M11,0.887539876,0.090303532,0.205268632,-0.04
1993M12,1993M12,1.736654505,0.571235858,0,-0.08
1994M01,1994M01,-0.074936398,-1.666393901,0.273037712,0.27
1994M02,1994M02,-1.423052999,-2.015634586,0.272294246,0.25
1994M03,1994M03,-3.345599491,-3.68981195,0.067957869,0.18
1994M04,1994M04,1.059050526,0.81312097,0.203596949,0.46
1994M05,1994M05,1.108893324,0.406164865,0.270819394,0
1994M06,1994M06,-0.518325528,-1.61884883,0.337496102,0.19
1994M07,1994M07,3.082631812,2.566798139,0.403497521,0.15
1994M08,1994M08,0.818003619,-0.386861949,0.20113986,0.14
1994M09,1994M09,-0.4423416,-1.418709096,0.066956815,0.33
1994M10,1994M10,-0.368385402,-1.045292071,0.267379838,0.34
1994M11,1994M11,-1.024200487,-1.494360801,0.200066756,0.31
1994M12,1994M12,2.451357309,2.011139561,0.266134555,0.11
1995M01,1995M01,3.819093677,2.555364566,0.265428158,0.06
1995M02,1995M02,2.558170097,0.970808612,0.198609797,-0.04
1995M03,1995M03,3.216791713,1.710865748,0.396040122,-0.08
1995M04,1995M04,3.348800312,1.879886306,0.19743343,0.02
1995M05,1995M05,3.179428928,1.574284241,0.197044399,-0.2
1995M06,1995M06,3.548716047,1.757545741,0.13114756,-0.05
1995M07,1995M07,0.514170718,-1.270657348,0.196399408,-0.02
1995M08,1995M08,3.718707708,2.638404999,0.130718973,-0.12
1995M09,1995M09,0.913575341,-0.975454238,0.260926436,0
1995M10,1995M10,2.359386079,1.287409304,0.130208352,0.08
1995M11,1995M11,3.390117486,1.971363184,0.13003903,-0.22
1995M12,1995M12,0.163980507,-1.759913934,0.518471673,-0.14
1996M01,1996M01,5.905795981,5.115639125,0.193735934,-0.17
1996M02,1996M02,-0.199371863,-2.508330605,0.32206147,0.13
1996M03,1996M03,0.197772266,-0.457861879,0.38510959,-0.01
1996M04,1996M04,2.35555444,1.547555657,0.192000059,0.07
1996M05,1996M05,1.279307755,-0.083437859,0.191632125,0.07
1996M06,1996M06,-3.474943904,-4.62324516,0.191265599,0.06
1996M07,1996M07,3.077434647,2.867782563,0.127307465,-0.1
1996M08,1996M08,2.025361663,0.280685398,0.317561397,0.04
1996M09,1996M09,4.120485617,2.926252201,0.316556136,-0.1
1996M10,1996M10,5.053032247,3.299890846,0.31555722,0.04
1996M11,1996M11,1.19913367,-0.601577061,0.251730781,-0.12
1996M12,1996M12,3.258137684,1.999768628,0.188383101,0.12
1997M01,1997M01,4.361744451,2.864883139,0.188028886,-0.02
1997M02,1997M02,-0.623129047,-2.480291609,0.062597811,0.13
1997M03,1997M03,-3.404896107,-4.249792071,0.062558651,0.02
1997M04,1997M04,9.218195166,8.818822517,0,-0.11
1997M05,1997M05,5.33715845,2.222367716,0.187441479,-0.12
1997M06,1997M06,5.736463766,3.584237982,0.12476608,0.12
1997M07,1997M07,0.348298912,-1.710412352,0.249066131,0.09
1997M08,1997M08,1.192517579,0.310623626,0.248447333,-0.19
1997M09,1997M09,1.645880024,0.315549491,0.185931259,0.02
1997M10,1997M10,-1.151547409,-2.428907178,0.123762392,0.17
1997M11,1997M11,2.635119783,2.000153902,0.061823804,0.02
1997M12,1997M12,0.237521258,-1.368291895,0.123533061,-0.12
1998M01,1998M01,6.402590932,5.200866652,0,0.05
1998M02,1998M02,5.313279413,2.920100417,0,-0.06
1998M03,1998M03,3.406526564,1.121076305,0.123380645,-0.08
1998M04,1998M04,-0.221108314,-2.015672485,0.246305543,0.05
1998M05,1998M05,0.11720888,-0.693832929,0.122925645,-0.02
1998M06,1998M06,4.468167793,3.389556378,0.184105606,-0.02
1998M07,1998M07,-6.970527331,-8.853074162,0.18376728,-0.06
1998M08,1998M08,-4.897932913,-4.537421272,0.061180791,-0.29
1998M09,1998M09,1.291074718,0.879089202,0.244349541,-0.65
1998M10,1998M10,10.97451823,9.161394369,0.121951235,0.45
1998M11,1998M11,4.104226558,1.326096883,0.243457211,-0.02
1998M12,1998M12,5.048270612,3.301013395,0.182204727,-0.05
1999M01,1999M01,-0.066153982,-2.09642449,-0.060698029,0.1
1999M02,1999M02,2.924066914,1.807938358,0.121359238,0
1999M03,1999M03,4.250022107,2.629420057,0.604596763,-0.15
1999M04,1999M04,-0.09883175,-1.62368875,0.060259116,0.21
1999M05,1999M05,-0.611767149,-1.483997517,0,0.07
1999M06,1999M06,4.522786366,3.549711139,0.360794138,-0.02
1999M07,1999M07,-3.774003511,-5.480968167,0.299670587,0.17
1999M08,1999M08,-0.597619066,-0.52344781,0.358423323,-0.04
1999M09,1999M09,-1.272365811,-1.979681509,0.238237159,0.18
1999M10,1999M10,7.106056447,6.626002917,0.178306139,0.21
1999M11,1999M11,2.808830578,0.623003741,0.296472201,0.13
1999M12,1999M12,-0.118796529,-1.401914627,0.236546533,0.12
2000M01,2000M01,-2.477940905,-3.249888906,0.412614791,0.23
2000M02,2000M02,3.941093599,3.935603127,0.586511945,0.14
2000M03,2000M03,1.424549823,0.231511794,0,-0.03
2000M04,2000M04,-2.838908049,-4.318196412,0.11689072,0.13
2000M05,2000M05,3.163362661,2.818067798,0.582412829,-0.1
2000M06,2000M06,0.849658449,-0.431832197,0.232018666,0.27
2000M07,2000M07,0.939013351,0.11857745,0.05792065,0.13
2000M08,2000M08,-1.08036119,-2.242017363,0.519781707,-0.09
2000M09,2000M09,-5.214418974,-5.704937515,0.172661913,0.11
2000M10,2000M10,-0.772743914,-0.604940493,0.172364306,0.06
2000M11,2000M11,-3.32023502,-4.089230248,0.229357899,-0.4
2000M12,2000M12,0.454381523,-0.204743244,0.57110378,-0.62
2001M01,2001M01,-2.136881721,-3.408198824,0.227531384,-0.27
2001M02,2001M02,-9.080541196,-9.848146821,0.056802046,-0.46
2001M03,2001M03,0.448037744,0.696778462,0.283527267,-0.55
2001M04,2001M04,6.878679297,5.3749244,0.451978171,-0.25
2001M05,2001M05,-2.389264545,-4.6996537,0.22522532,-0.13
2001M06,2001M06,-2.660115046,-3.240142449,-0.281611,0.02
2001M07,2001M07,-2.045723961,-2.957016085,0.05638568,-0.15
2001M08,2001M08,-11.2472069,-12.09395772,0.393812042,-0.72
